edad;sexo;alfabeto;sistema_salud;nivel_educativo;ocupacion_jerarquia;estado_civil;ingreso
27;mujer;Si;No paga ni le descuentan;Secundaria Completa;Cuenta propia;4;4000
39;hombre;Si;Obra social (incluye PAMI);Secundaria Completa;Cuenta propia;1;9600
44;hombre;Si;Obra social (incluye PAMI);Superior Universitaria Completa;Director;2;50000
26;hombre;Si;No paga ni le descuentan;Secundaria Incompleta;Cuenta propia;3;300
36;mujer;Si;Obra social (incluye PAMI);Superior Universitaria Completa;Cuenta propia;4;30000
40;hombre;Si;No paga ni le descuentan;Secundaria Completa;Cuenta propia;4;4000
40;mujer;Si;Obra social (incluye PAMI);Superior Universitaria Completa;Cuenta propia;1;6000
42;hombre;Si;No paga ni le descuentan;Secundaria Completa;Cuenta propia;1;9000
65;hombre;Si;No paga ni le descuentan;Superior Universitaria Incompleta;Cuenta propia;1;2500
59;hombre;Si;Obra social (incluye PAMI);Secundaria Incompleta;Cuenta propia;2;6000
39;mujer;Si;Obra social y mutual/prepaga/servicio de emergencia.;Superior Universitaria Completa;Cuenta propia;4;30000
33;mujer;Si;No paga ni le descuentan;Primaria Completa;Cuenta propia;2;6000
33;hombre;Si;No paga ni le descuentan;Primaria Incompleta(incluye educación especial);Cuenta propia;4;4000
64;hombre;Si;Obra social (incluye PAMI);Superior Universitaria Completa;Cuenta propia;1;30000
57;mujer;Si;Mutual / Prepaga / Servicio de emergencia;Superior Universitaria Completa;Director;1;100000
42;mujer;Si;Obra social (incluye PAMI);Superior Universitaria Completa;Director;1;10000
63;mujer;Si;Obra social (incluye PAMI);Secundaria Incompleta;Cuenta propia;5;10000
36;mujer;Si;No paga ni le descuentan;Superior Universitaria Incompleta;Cuenta propia;3;5000
56;hombre;Si;No paga ni le descuentan;Secundaria Incompleta;Cuenta propia;4;25000
51;mujer;Si;Obra social (incluye PAMI);Superior Universitaria Incompleta;Cuenta propia;3;14000
63;hombre;Si;No paga ni le descuentan;Primaria Incompleta(incluye educación especial);Cuenta propia;3;1000
33;hombre;Si;No paga ni le descuentan;Secundaria Completa;Cuenta propia;4;13000
44;hombre;Si;No paga ni le descuentan;Primaria Completa;Cuenta propia;3;25000
41;mujer;Si;Obra social (incluye PAMI);Superior Universitaria Completa;Cuenta propia;1;15000
39;mujer;Si;No paga ni le descuentan;Superior Universitaria Completa;Cuenta propia;1;19000
48;mujer;Si;No paga ni le descuentan;Secundaria Incompleta;Cuenta propia;2;15000
53;hombre;Si;Mutual / Prepaga / Servicio de emergencia;Secundaria Incompleta;Cuenta propia;1;35000
59;hombre;Si;Obra social (incluye PAMI);Secundaria Completa;Cuenta propia;1;10000
35;mujer;Si;Obra social (incluye PAMI);Superior Universitaria Incompleta;Cuenta propia;3;25000
52;mujer;Si;Obra social (incluye PAMI);Superior Universitaria Completa;Cuenta propia;1;10000
32;hombre;Si;No paga ni le descuentan;Primaria Completa;Cuenta propia;3;8000
52;mujer;Si;Obra social (incluye PAMI);Secundaria Completa;Cuenta propia;4;15000
35;hombre;Si;No paga ni le descuentan;Primaria Completa;Cuenta propia;4;3000
53;hombre;Si;Obra social y mutual/prepaga/servicio de emergencia.;Superior Universitaria Completa;Cuenta propia;1;30000
65;mujer;Si;Obra social (incluye PAMI);Superior Universitaria Completa;Cuenta propia;2;5000
56;hombre;Si;Obra social (incluye PAMI);Secundaria Incompleta;Cuenta propia;1;15000
63;hombre;Si;No paga ni le descuentan;Primaria Completa;Cuenta propia;1;10000
32;hombre;Si;No paga ni le descuentan;Primaria Completa;Cuenta propia;1;5000
38;mujer;Si;No paga ni le descuentan;Primaria Incompleta(incluye educación especial);Cuenta propia;3;2500
54;hombre;Si;Obra social y mutual/prepaga/servicio de emergencia.;Superior Universitaria Completa;Director;4;4000
62;mujer;Si;Obra social (incluye PAMI);Secundaria Incompleta;Cuenta propia;2;7000
34;hombre;Si;No paga ni le descuentan;Primaria Completa;Cuenta propia;4;10000
29;mujer;Si;No paga ni le descuentan;Primaria Completa;Cuenta propia;4;1000
49;mujer;Si;Obra social (incluye PAMI);Superior Universitaria Completa;Cuenta propia;1;19000
41;hombre;Si;Mutual / Prepaga / Servicio de emergencia;Superior Universitaria Incompleta;Cuenta propia;1;10000
56;mujer;Si;No paga ni le descuentan;Primaria Completa;Cuenta propia;1;2000
46;hombre;Si;Obra social y mutual/prepaga/servicio de emergencia.;Secundaria Completa;Cuenta propia;4;30000
27;hombre;Si;No paga ni le descuentan;Secundaria Incompleta;Cuenta propia;4;16000
61;hombre;Si;Obra social y mutual/prepaga/servicio de emergencia.;Superior Universitaria Completa;Cuenta propia;2;20000
37;mujer;Si;No paga ni le descuentan;Primaria Completa;Cuenta propia;1;5000
37;mujer;Si;No paga ni le descuentan;Secundaria Incompleta;Cuenta propia;3;4000
56;mujer;Si;Mutual / Prepaga / Servicio de emergencia;Primaria Completa;Cuenta propia;1;6000
21;mujer;Si;Mutual / Prepaga / Servicio de emergencia;Secundaria Completa;Cuenta propia;3;3000
52;mujer;Si;Obra social (incluye PAMI);Superior Universitaria Completa;Cuenta propia;1;10000
34;mujer;Si;No paga ni le descuentan;Secundaria Incompleta;Cuenta propia;4;8400
43;hombre;Si;Obra social (incluye PAMI);Superior Universitaria Completa;Cuenta propia;4;20000
42;mujer;Si;No paga ni le descuentan;Superior Universitaria Completa;Cuenta propia;4;12000
66;hombre;Si;Obra social (incluye PAMI);Superior Universitaria Completa;Cuenta propia;1;40000
58;hombre;Si;No paga ni le descuentan;Primaria Incompleta(incluye educación especial);Cuenta propia;2;1500
32;mujer;Si;Obra social (incluye PAMI);Secundaria Completa;Cuenta propia;1;2000
27;hombre;Si;Obra social (incluye PAMI);Secundaria Completa;Cuenta propia;4;20000
34;hombre;Si;Obra social (incluye PAMI);Primaria Completa;Cuenta propia;4;10000
26;hombre;Si;No paga ni le descuentan;Secundaria Incompleta;Cuenta propia;4;8000
35;mujer;Si;No paga ni le descuentan;Primaria Completa;Cuenta propia;4;16000
49;mujer;Si;Obra social (incluye PAMI);Superior Universitaria Completa;Cuenta propia;2;12000
32;hombre;Si;Obra social (incluye PAMI);Superior Universitaria Incompleta;Cuenta propia;3;5000
17;hombre;Si;Obra social (incluye PAMI);Secundaria Completa;Cuenta propia;3;20000
48;mujer;Si;Obra social (incluye PAMI);Secundaria Completa;Director;1;18000
45;hombre;Si;No paga ni le descuentan;Secundaria Incompleta;Cuenta propia;2;4000
57;mujer;Si;No paga ni le descuentan;Primaria Incompleta(incluye educación especial);Cuenta propia;2;4000
22;hombre;Si;No paga ni le descuentan;Superior Universitaria Incompleta;Cuenta propia;4;14000
45;hombre;Si;Obra social (incluye PAMI);Secundaria Incompleta;Cuenta propia;2;20000
36;mujer;Si;Obra social (incluye PAMI);Superior Universitaria Completa;Cuenta propia;1;15000
17;hombre;Si;Obra social (incluye PAMI);Secundaria Incompleta;Cuenta propia;3;3000
40;mujer;Si;No paga ni le descuentan;Secundaria Completa;Cuenta propia;4;10000
54;hombre;Si;Obra social (incluye PAMI);Secundaria Completa;Director;5;18000
47;hombre;Si;Mutual / Prepaga / Servicio de emergencia;Secundaria Incompleta;Cuenta propia;4;30000
75;hombre;Si;Obra social (incluye PAMI);Sin instrucción;Cuenta propia;5;4000
37;hombre;Si;No paga ni le descuentan;Secundaria Completa;Cuenta propia;2;10000
55;mujer;Si;Obra social (incluye PAMI);Superior Universitaria Completa;Cuenta propia;3;9000
36;hombre;Si;No paga ni le descuentan;Primaria Completa;Cuenta propia;3;4000
37;hombre;Si;No paga ni le descuentan;Primaria Completa;Cuenta propia;1;10000
41;mujer;Si;Obra social (incluye PAMI);Secundaria Incompleta;Cuenta propia;2;12000
54;mujer;Si;No paga ni le descuentan;Secundaria Completa;Cuenta propia;5;7000
63;mujer;Si;Obra social (incluye PAMI);Primaria Completa;Cuenta propia;2;10000
65;hombre;Si;No paga ni le descuentan;Primaria Completa;Cuenta propia;4;6000
29;mujer;Si;No paga ni le descuentan;Primaria Completa;Cuenta propia;3;10000
48;hombre;Si;Mutual / Prepaga / Servicio de emergencia;Primaria Completa;Director;1;17000
37;mujer;Si;Obra social (incluye PAMI);Superior Universitaria Incompleta;Cuenta propia;1;15000
53;mujer;Si;Obra social (incluye PAMI);Superior Universitaria Completa;Cuenta propia;1;20000
42;mujer;Si;No paga ni le descuentan;Primaria Completa;Cuenta propia;3;10000
22;mujer;Si;Obra social (incluye PAMI);Secundaria Completa;Cuenta propia;3;4000
45;hombre;Si;No paga ni le descuentan;Primaria Completa;Cuenta propia;1;14000
34;mujer;Si;Obra social (incluye PAMI);Secundaria Incompleta;Cuenta propia;3;6000
55;hombre;Si;No paga ni le descuentan;Primaria Completa;Cuenta propia;1;10000
51;hombre;Si;No paga ni le descuentan;Primaria Completa;Cuenta propia;4;6000
49;mujer;Si;No paga ni le descuentan;Primaria Completa;Cuenta propia;2;20000
25;hombre;Si;No paga ni le descuentan;Secundaria Completa;Cuenta propia;3;12000
37;hombre;Si;No paga ni le descuentan;Primaria Completa;Cuenta propia;3;6000
41;mujer;Si;Mutual / Prepaga / Servicio de emergencia;Secundaria Completa;Cuenta propia;1;10000
58;hombre;Si;Obra social (incluye PAMI);Secundaria Incompleta;Director;1;40000
37;hombre;Si;Obra social (incluye PAMI);Secundaria Completa;Cuenta propia;1;18000
23;hombre;Si;No paga ni le descuentan;Primaria Incompleta(incluye educación especial);Cuenta propia;3;15000
33;hombre;Si;Obra social (incluye PAMI);Secundaria Completa;Cuenta propia;1;8000
52;hombre;Si;Obra social (incluye PAMI);Secundaria Completa;Cuenta propia;4;20000
32;mujer;Si;Obra social (incluye PAMI);Superior Universitaria Completa;Cuenta propia;1;20000
58;hombre;Si;Obra social (incluye PAMI);Secundaria Completa;Director;3;10000
30;hombre;Si;No paga ni le descuentan;Primaria Completa;Cuenta propia;4;4000
30;hombre;Si;Obra social (incluye PAMI);Superior Universitaria Completa;Cuenta propia;1;25000
44;mujer;Si;Obra social (incluye PAMI);Superior Universitaria Incompleta;Cuenta propia;3;18000
43;hombre;Si;Obra social (incluye PAMI);Secundaria Incompleta;Cuenta propia;1;3000
36;hombre;Si;Obra social (incluye PAMI);Secundaria Incompleta;Cuenta propia;4;26000
54;hombre;Si;Obra social (incluye PAMI);Secundaria Incompleta;Cuenta propia;1;23000
26;mujer;Si;Obra social (incluye PAMI);Superior Universitaria Incompleta;Director;3;5000
48;mujer;Si;No paga ni le descuentan;Secundaria Completa;Cuenta propia;3;12000
32;mujer;Si;No paga ni le descuentan;Superior Universitaria Completa;Cuenta propia;1;1000
30;hombre;Si;No paga ni le descuentan;Secundaria Completa;Cuenta propia;3;5000
60;mujer;Si;Obra social (incluye PAMI);Secundaria Completa;Cuenta propia;1;15000
31;hombre;Si;Obra social (incluye PAMI);Superior Universitaria Completa;Director;1;15000
26;hombre;Si;Obra social (incluye PAMI);Superior Universitaria Completa;Cuenta propia;3;20000
41;mujer;Si;No paga ni le descuentan;Secundaria Completa;Cuenta propia;1;20000
39;hombre;Si;No paga ni le descuentan;Primaria Completa;Cuenta propia;3;7000
42;hombre;Si;Obra social (incluye PAMI);Secundaria Completa;Director;1;20000
31;hombre;Si;No paga ni le descuentan;Primaria Completa;Cuenta propia;4;4000
33;hombre;Si;No paga ni le descuentan;Primaria Incompleta(incluye educación especial);Trabajador asalariado;3;5000
51;hombre;Si;No paga ni le descuentan;Primaria Completa;Cuenta propia;3;6000
32;mujer;Si;Planes y seguros públicos;Primaria Completa;Cuenta propia;3;10000
52;hombre;Si;No paga ni le descuentan;Primaria Completa;Cuenta propia;4;10000
21;hombre;Si;No paga ni le descuentan;Secundaria Completa;Cuenta propia;3;1000
44;mujer;Si;Obra social (incluye PAMI);Superior Universitaria Completa;Cuenta propia;4;10000
55;hombre;Si;No paga ni le descuentan;Primaria Completa;Cuenta propia;1;5000
40;mujer;Si;No paga ni le descuentan;Secundaria Completa;Cuenta propia;2;4000
21;mujer;Si;No paga ni le descuentan;Secundaria Completa;Cuenta propia;3;3000
37;mujer;Si;No paga ni le descuentan;Secundaria Incompleta;Cuenta propia;1;7000
33;hombre;Si;No paga ni le descuentan;Primaria Completa;Director;4;10000
43;mujer;Si;No paga ni le descuentan;Superior Universitaria Incompleta;Cuenta propia;2;6000
42;hombre;Si;No paga ni le descuentan;Secundaria Completa;Cuenta propia;2;15000
47;mujer;Si;No paga ni le descuentan;Secundaria Incompleta;Cuenta propia;3;3800
33;hombre;Si;Mutual / Prepaga / Servicio de emergencia;Superior Universitaria Completa;Cuenta propia;1;30000
52;mujer;Si;Obra social (incluye PAMI);Secundaria Incompleta;Cuenta propia;5;7000
34;mujer;Si;No paga ni le descuentan;Secundaria Completa;Cuenta propia;4;6000
54;hombre;Si;No paga ni le descuentan;Secundaria Completa;Cuenta propia;4;7000
48;mujer;Si;No paga ni le descuentan;Secundaria Incompleta;Cuenta propia;3;7000
47;hombre;Si;No paga ni le descuentan;Primaria Incompleta(incluye educación especial);Cuenta propia;1;9000
68;mujer;Si;Obra social (incluye PAMI);Primaria Completa;Director;5;20000
56;hombre;Si;Obra social (incluye PAMI);Secundaria Incompleta;Cuenta propia;1;8000
45;hombre;Si;Planes y seguros públicos;Primaria Completa;Cuenta propia;4;2000
64;mujer;Si;Obra social (incluye PAMI);Primaria Completa;Cuenta propia;5;3000
48;mujer;Si;Obra social (incluye PAMI);Primaria Completa;Cuenta propia;1;2000
43;hombre;Si;Mutual / Prepaga / Servicio de emergencia;Superior Universitaria Incompleta;Cuenta propia;4;8000
26;mujer;Si;No paga ni le descuentan;Superior Universitaria Incompleta;Cuenta propia;3;2500
42;hombre;Si;Obra social (incluye PAMI);Superior Universitaria Completa;Cuenta propia;1;14000
44;hombre;Si;Obra social (incluye PAMI);Superior Universitaria Completa;Cuenta propia;4;10000
49;hombre;Si;No paga ni le descuentan;Superior Universitaria Incompleta;Cuenta propia;3;20000
42;mujer;Si;Obra social (incluye PAMI);Superior Universitaria Completa;Cuenta propia;2;10000
57;mujer;Si;Obra social (incluye PAMI);Primaria Completa;Cuenta propia;5;4000
40;hombre;Si;No paga ni le descuentan;Primaria Completa;Cuenta propia;1;10000
52;mujer;Si;Obra social (incluye PAMI);Superior Universitaria Completa;Cuenta propia;1;10000
26;hombre;Si;No paga ni le descuentan;Secundaria Completa;Director;3;15000
48;hombre;Si;No paga ni le descuentan;Secundaria Incompleta;Cuenta propia;1;20000
48;hombre;Si;No paga ni le descuentan;Secundaria Completa;Cuenta propia;4;18000
31;mujer;Si;No paga ni le descuentan;Superior Universitaria Completa;Cuenta propia;4;10000
52;hombre;Si;No paga ni le descuentan;Secundaria Completa;Cuenta propia;1;4000
37;mujer;Si;No paga ni le descuentan;Secundaria Incompleta;Cuenta propia;1;4000
52;mujer;Si;No paga ni le descuentan;Primaria Completa;Cuenta propia;2;8000
44;hombre;Si;No paga ni le descuentan;Primaria Completa;Cuenta propia;4;12000
30;mujer;Si;No paga ni le descuentan;Primaria Completa;Cuenta propia;1;5200
44;hombre;Si;No paga ni le descuentan;Primaria Completa;Cuenta propia;3;8500
33;mujer;Si;Obra social (incluye PAMI);Secundaria Completa;Cuenta propia;4;10000
64;mujer;Si;Planes y seguros públicos;Primaria Completa;Cuenta propia;2;4000
48;mujer;Si;No paga ni le descuentan;Superior Universitaria Incompleta;Cuenta propia;2;2000
51;hombre;Si;No paga ni le descuentan;Secundaria Incompleta;Cuenta propia;1;13000
27;hombre;Si;No paga ni le descuentan;Secundaria Completa;Cuenta propia;4;20000
59;hombre;Si;No paga ni le descuentan;Secundaria Incompleta;Cuenta propia;4;18000
62;mujer;Si;Obra social (incluye PAMI);Primaria Completa;Cuenta propia;5;6000
32;mujer;Si;No paga ni le descuentan;Secundaria Incompleta;Cuenta propia;3;8000
65;hombre;Si;Obra social (incluye PAMI);Primaria Completa;Cuenta propia;1;2000
42;hombre;Si;No paga ni le descuentan;Secundaria Incompleta;Cuenta propia;3;9000
33;mujer;Si;Obra social (incluye PAMI);Superior Universitaria Completa;Cuenta propia;4;15000
34;hombre;Si;No paga ni le descuentan;Primaria Completa;Cuenta propia;3;2000
66;mujer;Si;Obra social (incluye PAMI);Primaria Completa;Cuenta propia;2;6000
71;mujer;Si;Obra social (incluye PAMI);Superior Universitaria Completa;Cuenta propia;1;17000
25;hombre;Si;No paga ni le descuentan;Secundaria Incompleta;Cuenta propia;1;16000
65;hombre;Si;Obra social (incluye PAMI);Secundaria Completa;Cuenta propia;1;4000
45;hombre;Si;No paga ni le descuentan;Secundaria Completa;Cuenta propia;4;12000
46;mujer;Si;Obra social (incluye PAMI);Superior Universitaria Completa;Cuenta propia;2;21000
26;mujer;Si;No paga ni le descuentan;Superior Universitaria Incompleta;Cuenta propia;4;3000
60;hombre;Si;No paga ni le descuentan;Secundaria Completa;Cuenta propia;3;3000
45;hombre;Si;No paga ni le descuentan;Secundaria Completa;Cuenta propia;4;20000
44;hombre;Si;No paga ni le descuentan;Secundaria Incompleta;Cuenta propia;4;20000
52;hombre;Si;Obra social (incluye PAMI);Secundaria Completa;Cuenta propia;1;15000
40;mujer;Si;No paga ni le descuentan;Superior Universitaria Completa;Cuenta propia;3;10000
30;hombre;Si;No paga ni le descuentan;Secundaria Completa;Cuenta propia;4;25000
43;mujer;Si;Obra social (incluye PAMI);Secundaria Completa;Cuenta propia;1;40000
33;hombre;Si;No paga ni le descuentan;Secundaria Completa;Cuenta propia;3;20000
78;mujer;Si;Obra social (incluye PAMI);Secundaria Completa;Cuenta propia;5;8000
53;mujer;Si;Obra social (incluye PAMI);Superior Universitaria Incompleta;Cuenta propia;5;8000
71;hombre;Si;Obra social (incluye PAMI);Secundaria Completa;Cuenta propia;5;4000
46;hombre;Si;Obra social (incluye PAMI);Secundaria Incompleta;Cuenta propia;1;8000
57;hombre;Si;No paga ni le descuentan;Primaria Incompleta(incluye educación especial);Cuenta propia;4;6000
55;hombre;Si;Obra social (incluye PAMI);Secundaria Completa;Cuenta propia;1;15000
35;hombre;Si;Obra social (incluye PAMI);Superior Universitaria Completa;Cuenta propia;3;8000
36;mujer;Si;Obra social (incluye PAMI);Superior Universitaria Incompleta;Cuenta propia;2;8000
71;hombre;Si;Obra social (incluye PAMI);Primaria Incompleta(incluye educación especial);Cuenta propia;3;3000
47;mujer;Si;Obra social (incluye PAMI);Secundaria Completa;Director;1;40000
21;hombre;Si;No paga ni le descuentan;Secundaria Incompleta;Cuenta propia;3;9000
57;mujer;Si;No paga ni le descuentan;Primaria Completa;Cuenta propia;1;3000
24;hombre;Si;No paga ni le descuentan;Secundaria Incompleta;Cuenta propia;1;11000
32;mujer;Si;Obra social (incluye PAMI);Superior Universitaria Incompleta;Director;4;4000
23;hombre;Si;No paga ni le descuentan;Secundaria Completa;Cuenta propia;3;4000
60;hombre;Si;Obra social (incluye PAMI);Primaria Completa;Cuenta propia;1;4000
44;hombre;Si;Obra social (incluye PAMI);Primaria Incompleta(incluye educación especial);Cuenta propia;1;20000
71;hombre;Si;Obra social (incluye PAMI);Secundaria Incompleta;Director;1;5000
70;mujer;Si;Obra social (incluye PAMI);Superior Universitaria Completa;Cuenta propia;1;15000
70;mujer;Si;Obra social (incluye PAMI);Primaria Incompleta(incluye educación especial);Cuenta propia;4;3000
56;hombre;Si;Obra social (incluye PAMI);Superior Universitaria Completa;Cuenta propia;1;15000
44;hombre;Si;No paga ni le descuentan;Secundaria Completa;Cuenta propia;4;13000
47;hombre;Si;Obra social (incluye PAMI);Superior Universitaria Incompleta;Director;1;120000
39;mujer;Si;No paga ni le descuentan;Secundaria Completa;Cuenta propia;4;1000
30;hombre;Si;No paga ni le descuentan;Primaria Completa;Cuenta propia;1;3000
50;hombre;Si;Obra social (incluye PAMI);Superior Universitaria Completa;Cuenta propia;1;30000
35;hombre;Si;Obra social (incluye PAMI);Primaria Completa;Cuenta propia;4;15000
70;hombre;Si;Obra social (incluye PAMI);Primaria Incompleta(incluye educación especial);Cuenta propia;1;3000
51;hombre;Si;No paga ni le descuentan;Superior Universitaria Completa;Cuenta propia;4;20000
44;hombre;Si;No paga ni le descuentan;Secundaria Completa;Cuenta propia;3;15000
74;hombre;Si;Obra social (incluye PAMI);Secundaria Completa;Cuenta propia;1;4000
59;hombre;Si;Obra social (incluye PAMI);Secundaria Incompleta;Cuenta propia;1;75000
31;hombre;Si;No paga ni le descuentan;Secundaria Completa;Cuenta propia;4;8000
47;mujer;Si;Obra social (incluye PAMI);Superior Universitaria Completa;Cuenta propia;1;4000
69;mujer;Si;No paga ni le descuentan;Secundaria Completa;Cuenta propia;2;10000
47;hombre;Si;No paga ni le descuentan;Secundaria Incompleta;Cuenta propia;1;10000
58;hombre;Si;Obra social (incluye PAMI);Primaria Completa;Cuenta propia;1;6000
59;hombre;Si;Obra social (incluye PAMI);Secundaria Completa;Cuenta propia;1;6000
52;mujer;Si;Obra social (incluye PAMI);Primaria Completa;Cuenta propia;1;2000
58;hombre;Si;No paga ni le descuentan;Primaria Completa;Cuenta propia;1;4000
54;mujer;Si;No paga ni le descuentan;Superior Universitaria Completa;Cuenta propia;1;5000
47;hombre;Si;Obra social (incluye PAMI);Primaria Completa;Cuenta propia;1;5000
56;hombre;Si;No paga ni le descuentan;Secundaria Incompleta;Cuenta propia;4;7000
39;hombre;Si;No paga ni le descuentan;Secundaria Completa;Cuenta propia;1;16000
20;hombre;Si;Obra social (incluye PAMI);Superior Universitaria Incompleta;Cuenta propia;3;2000
52;hombre;Si;No paga ni le descuentan;Secundaria Completa;Cuenta propia;2;8000
65;hombre;Si;Obra social (incluye PAMI);Secundaria Incompleta;Cuenta propia;2;18000
68;mujer;Si;Obra social (incluye PAMI);Secundaria Completa;Cuenta propia;3;6000
42;hombre;Si;Obra social (incluye PAMI);Superior Universitaria Completa;Director;1;60000
76;mujer;Si;Obra social y mutual/prepaga/servicio de emergencia.;Superior Universitaria Completa;Cuenta propia;5;6000
57;mujer;Si;Obra social (incluye PAMI);Primaria Completa;Cuenta propia;1;1700
55;mujer;Si;No paga ni le descuentan;Primaria Completa;Cuenta propia;1;10000
24;hombre;No;No paga ni le descuentan;Primaria Incompleta(incluye educación especial);Cuenta propia;3;500
44;hombre;Si;No paga ni le descuentan;Superior Universitaria Incompleta;Cuenta propia;3;6000
39;hombre;Si;No paga ni le descuentan;Secundaria Completa;Cuenta propia;1;6000
65;hombre;Si;Obra social (incluye PAMI);Secundaria Completa;Director;1;120000
41;hombre;Si;No paga ni le descuentan;Secundaria Completa;Cuenta propia;1;30000
47;hombre;Si;Obra social (incluye PAMI);Secundaria Completa;Director;1;5000
68;mujer;Si;Obra social (incluye PAMI);Secundaria Incompleta;Cuenta propia;2;5000
58;mujer;Si;Obra social (incluye PAMI);Secundaria Completa;Cuenta propia;1;5000
63;mujer;Si;No paga ni le descuentan;Primaria Incompleta(incluye educación especial);Cuenta propia;4;6000
28;mujer;Si;Planes y seguros públicos;Secundaria Completa;Cuenta propia;4;3500
38;hombre;Si;No paga ni le descuentan;Secundaria Completa;Cuenta propia;2;8000
57;hombre;Si;Obra social (incluye PAMI);Superior Universitaria Completa;Cuenta propia;1;25000
44;mujer;Si;Obra social (incluye PAMI);Secundaria Incompleta;Cuenta propia;1;800
63;mujer;Si;Obra social (incluye PAMI);Secundaria Completa;Cuenta propia;1;4600
44;hombre;Si;No paga ni le descuentan;Primaria Completa;Director;4;5000
40;hombre;Si;No paga ni le descuentan;Superior Universitaria Completa;Cuenta propia;1;1200
61;hombre;No;No paga ni le descuentan;Primaria Incompleta(incluye educación especial);Cuenta propia;1;10000
43;hombre;Si;Obra social (incluye PAMI);Superior Universitaria Incompleta;Cuenta propia;1;8000
58;hombre;Si;Obra social (incluye PAMI);Secundaria Completa;Cuenta propia;4;2400
35;hombre;Si;No paga ni le descuentan;Superior Universitaria Incompleta;Cuenta propia;4;10000
22;mujer;Si;No paga ni le descuentan;Secundaria Completa;Cuenta propia;4;2000
50;mujer;Si;No paga ni le descuentan;Superior Universitaria Incompleta;Cuenta propia;4;1500
32;mujer;Si;Obra social (incluye PAMI);Superior Universitaria Completa;Cuenta propia;1;20000
39;hombre;Si;No paga ni le descuentan;Superior Universitaria Incompleta;Cuenta propia;1;16000
63;hombre;Si;Obra social (incluye PAMI);Superior Universitaria Completa;Cuenta propia;1;35000
30;mujer;Si;No paga ni le descuentan;Primaria Completa;Trabajador asalariado;3;2000
28;hombre;Si;No paga ni le descuentan;Primaria Incompleta(incluye educación especial);Cuenta propia;3;2000
29;mujer;Si;No paga ni le descuentan;Secundaria Completa;Cuenta propia;3;4000
29;hombre;Si;No paga ni le descuentan;Primaria Incompleta(incluye educación especial);Cuenta propia;3;1000
64;hombre;Si;No paga ni le descuentan;Secundaria Incompleta;Cuenta propia;1;8000
64;hombre;Si;Obra social (incluye PAMI);Primaria Completa;Cuenta propia;1;8000
56;mujer;Si;No paga ni le descuentan;Superior Universitaria Incompleta;Cuenta propia;3;17000
50;mujer;Si;No paga ni le descuentan;Superior Universitaria Completa;Cuenta propia;3;9000
67;mujer;Si;Obra social (incluye PAMI);Superior Universitaria Completa;Cuenta propia;1;7000
50;hombre;Si;No paga ni le descuentan;Primaria Completa;Director;1;22000
46;hombre;Si;No paga ni le descuentan;Primaria Incompleta(incluye educación especial);Cuenta propia;1;5000
56;mujer;Si;No paga ni le descuentan;Superior Universitaria Incompleta;Cuenta propia;2;10000
55;hombre;Si;Obra social (incluye PAMI);Secundaria Completa;Cuenta propia;1;15000
58;hombre;Si;Obra social y mutual/prepaga/servicio de emergencia.;Secundaria Completa;Director;1;30000
46;mujer;Si;No paga ni le descuentan;Superior Universitaria Completa;Cuenta propia;3;6000
61;mujer;Si;Obra social (incluye PAMI);Secundaria Incompleta;Cuenta propia;3;5000
39;mujer;Si;Ns./Nr.;Superior Universitaria Incompleta;Cuenta propia;3;2000
62;mujer;Si;Obra social (incluye PAMI);Superior Universitaria Completa;Cuenta propia;3;1000
51;hombre;Si;No paga ni le descuentan;Primaria Incompleta(incluye educación especial);Cuenta propia;1;2000
41;mujer;Si;Obra social (incluye PAMI);Superior Universitaria Completa;Cuenta propia;1;18000
35;hombre;Si;No paga ni le descuentan;Secundaria Incompleta;Cuenta propia;3;4000
61;hombre;No;No paga ni le descuentan;Sin instrucción;Cuenta propia;4;5000
25;hombre;Si;Obra social (incluye PAMI);Superior Universitaria Completa;Cuenta propia;3;12000
45;mujer;Si;No paga ni le descuentan;Secundaria Completa;Cuenta propia;1;1400
49;hombre;Si;Obra social (incluye PAMI);Secundaria Completa;Cuenta propia;1;15000
47;hombre;Si;No paga ni le descuentan;Primaria Completa;Cuenta propia;4;4000
46;mujer;Si;Obra social (incluye PAMI);Secundaria Incompleta;Cuenta propia;2;9000
40;mujer;Si;Obra social (incluye PAMI);Superior Universitaria Incompleta;Director;2;10000
58;mujer;Si;Mutual / Prepaga / Servicio de emergencia;Superior Universitaria Incompleta;Cuenta propia;3;20000
47;hombre;Si;No paga ni le descuentan;Primaria Completa;Cuenta propia;1;4000
24;mujer;Si;Obra social (incluye PAMI);Superior Universitaria Incompleta;Cuenta propia;3;12000
49;mujer;Si;Planes y seguros públicos;Secundaria Completa;Cuenta propia;1;22400
57;hombre;Si;No paga ni le descuentan;Superior Universitaria Completa;Cuenta propia;1;30000
49;hombre;Si;No paga ni le descuentan;Primaria Completa;Cuenta propia;1;8000
56;hombre;Si;Obra social (incluye PAMI);Secundaria Completa;Director;1;50000
43;hombre;Si;No paga ni le descuentan;Secundaria Completa;Cuenta propia;1;10000
56;hombre;Si;Obra social (incluye PAMI);Secundaria Incompleta;Cuenta propia;4;38000
33;mujer;Si;Obra social (incluye PAMI);Superior Universitaria Incompleta;Cuenta propia;3;3000
48;hombre;Si;Obra social (incluye PAMI);Secundaria Completa;Cuenta propia;3;20000
65;hombre;Si;Obra social (incluye PAMI);Secundaria Completa;Cuenta propia;3;13000
46;hombre;Si;No paga ni le descuentan;Primaria Completa;Cuenta propia;4;15000
21;hombre;Si;Mutual / Prepaga / Servicio de emergencia;Superior Universitaria Incompleta;Cuenta propia;3;15000
27;hombre;Si;Obra social (incluye PAMI);Secundaria Completa;Cuenta propia;3;15000
26;mujer;Si;No paga ni le descuentan;Secundaria Completa;Cuenta propia;3;20000
37;hombre;Si;Obra social (incluye PAMI);Secundaria Completa;Cuenta propia;4;20000
55;mujer;Si;Obra social (incluye PAMI);Superior Universitaria Completa;Cuenta propia;1;30000
39;hombre;Si;No paga ni le descuentan;Primaria Completa;Cuenta propia;5;10000
45;hombre;Si;Obra social (incluye PAMI);Superior Universitaria Incompleta;Cuenta propia;3;4000
55;mujer;Si;Obra social (incluye PAMI);Primaria Completa;Cuenta propia;1;14000
37;mujer;Si;Obra social (incluye PAMI);Secundaria Completa;Cuenta propia;2;8000
33;mujer;Si;No paga ni le descuentan;Superior Universitaria Completa;Cuenta propia;4;6000
22;mujer;Si;No paga ni le descuentan;Superior Universitaria Incompleta;Cuenta propia;4;18000
59;hombre;Si;No paga ni le descuentan;Primaria Completa;Cuenta propia;3;6000
46;hombre;Si;No paga ni le descuentan;Superior Universitaria Completa;Director;3;40000
48;hombre;Si;No paga ni le descuentan;Secundaria Incompleta;Cuenta propia;1;5000
55;hombre;Si;Obra social (incluye PAMI);Primaria Completa;Cuenta propia;1;4000
47;mujer;Si;Obra social (incluye PAMI);Primaria Completa;Cuenta propia;1;1000
60;mujer;Si;Obra social (incluye PAMI);Primaria Completa;Cuenta propia;1;3000
26;hombre;Si;Obra social (incluye PAMI);Superior Universitaria Completa;Director;4;9000
36;mujer;Si;No paga ni le descuentan;Secundaria Completa;Cuenta propia;2;3000
33;hombre;Si;No paga ni le descuentan;Primaria Incompleta(incluye educación especial);Cuenta propia;3;2000
59;mujer;Si;Obra social (incluye PAMI);Primaria Completa;Cuenta propia;4;5000
72;hombre;Si;Obra social (incluye PAMI);Superior Universitaria Completa;Director;2;30000
23;hombre;Si;No paga ni le descuentan;Secundaria Incompleta;Director;4;15000
60;hombre;Si;No paga ni le descuentan;Primaria Completa;Cuenta propia;2;20000
33;hombre;Si;No paga ni le descuentan;Secundaria Incompleta;Cuenta propia;4;10000
40;hombre;Si;No paga ni le descuentan;Secundaria Completa;Cuenta propia;2;50000
42;hombre;Si;No paga ni le descuentan;Secundaria Incompleta;Cuenta propia;4;10000
67;mujer;Si;Obra social (incluye PAMI);Secundaria Incompleta;Cuenta propia;2;3000
40;mujer;Si;No paga ni le descuentan;Secundaria Completa;Cuenta propia;3;10000
58;mujer;Si;Obra social (incluye PAMI);Secundaria Incompleta;Cuenta propia;1;2000
47;hombre;Si;No paga ni le descuentan;Secundaria Completa;Cuenta propia;1;20000
38;mujer;Si;No paga ni le descuentan;Primaria Incompleta(incluye educación especial);Cuenta propia;4;10000
50;hombre;Si;Obra social (incluye PAMI);Secundaria Completa;Director;1;30000
62;hombre;Si;No paga ni le descuentan;Primaria Completa;Cuenta propia;5;8000
54;hombre;Si;Obra social (incluye PAMI);Secundaria Completa;Director;2;25000
66;mujer;Si;Obra social (incluye PAMI);Primaria Incompleta(incluye educación especial);Cuenta propia;1;5000
56;hombre;Si;Obra social (incluye PAMI);Secundaria Completa;Director;4;60000
27;hombre;Si;No paga ni le descuentan;Secundaria Completa;Cuenta propia;3;3000
25;hombre;Si;Obra social (incluye PAMI);Superior Universitaria Incompleta;Cuenta propia;3;25000
29;hombre;Si;No paga ni le descuentan;Secundaria Completa;Cuenta propia;3;10000
31;hombre;Si;No paga ni le descuentan;Secundaria Completa;Cuenta propia;4;20000
42;hombre;Si;Obra social (incluye PAMI);Primaria Completa;Cuenta propia;1;20000
42;hombre;Si;No paga ni le descuentan;Secundaria Incompleta;Cuenta propia;4;10000
51;hombre;Si;Obra social (incluye PAMI);Secundaria Completa;Director;4;20000
45;mujer;Si;No paga ni le descuentan;Secundaria Completa;Cuenta propia;2;12000
35;hombre;Si;Obra social (incluye PAMI);Superior Universitaria Completa;Director;3;9500
32;mujer;Si;No paga ni le descuentan;Secundaria Completa;Cuenta propia;3;7000
24;hombre;Si;No paga ni le descuentan;Secundaria Completa;Cuenta propia;4;6000
42;hombre;Si;No paga ni le descuentan;Secundaria Completa;Cuenta propia;4;8000
50;mujer;Si;Obra social (incluye PAMI);Superior Universitaria Completa;Director;1;30000
61;hombre;Si;Obra social (incluye PAMI);Secundaria Completa;Cuenta propia;1;35000
28;hombre;Si;Obra social (incluye PAMI);Superior Universitaria Completa;Cuenta propia;3;28000
33;hombre;Si;No paga ni le descuentan;Secundaria Incompleta;Cuenta propia;4;15000
57;hombre;Si;No paga ni le descuentan;Primaria Completa;Cuenta propia;3;9000
31;hombre;Si;No paga ni le descuentan;Superior Universitaria Completa;Cuenta propia;3;10000
48;hombre;Si;No paga ni le descuentan;Primaria Completa;Cuenta propia;4;13000
24;hombre;Si;No paga ni le descuentan;Secundaria Completa;Cuenta propia;4;18000
50;hombre;Si;Obra social (incluye PAMI);Secundaria Completa;Director;3;18000
54;hombre;Si;No paga ni le descuentan;Primaria Completa;Cuenta propia;3;10000
52;hombre;Si;No paga ni le descuentan;Primaria Completa;Cuenta propia;3;30000
22;hombre;Si;No paga ni le descuentan;Secundaria Completa;Cuenta propia;3;13000
44;hombre;Si;Obra social (incluye PAMI);Superior Universitaria Completa;Cuenta propia;2;60000
37;mujer;Si;Obra social (incluye PAMI);Superior Universitaria Incompleta;Cuenta propia;1;6000
42;hombre;Si;Mutual / Prepaga / Servicio de emergencia;Secundaria Completa;Cuenta propia;2;23000
23;hombre;Si;Obra social (incluye PAMI);Secundaria Incompleta;Cuenta propia;3;8000
24;hombre;Si;No paga ni le descuentan;Secundaria Incompleta;Cuenta propia;3;18000
23;mujer;Si;No paga ni le descuentan;Secundaria Completa;Cuenta propia;3;3000
38;mujer;Si;Obra social (incluye PAMI);Superior Universitaria Incompleta;Cuenta propia;3;11000
42;mujer;Si;No paga ni le descuentan;Secundaria Completa;Cuenta propia;2;5000
33;hombre;Si;No paga ni le descuentan;Secundaria Completa;Cuenta propia;4;27000
27;hombre;Si;No paga ni le descuentan;Secundaria Incompleta;Cuenta propia;4;8000
44;hombre;Si;Obra social (incluye PAMI);Superior Universitaria Completa;Director;3;25000
64;hombre;Si;Obra social (incluye PAMI);Secundaria Completa;Cuenta propia;2;20000
23;hombre;Si;Obra social (incluye PAMI);Secundaria Incompleta;Cuenta propia;3;6000
29;hombre;Si;No paga ni le descuentan;Secundaria Incompleta;Cuenta propia;4;20000
29;hombre;Si;Obra social (incluye PAMI);Secundaria Completa;Director;4;10000
47;hombre;Si;Obra social (incluye PAMI);Superior Universitaria Completa;Cuenta propia;4;30000
50;mujer;Si;Obra social (incluye PAMI);Superior Universitaria Completa;Cuenta propia;1;40000
66;hombre;Si;Obra social (incluye PAMI);Primaria Completa;Cuenta propia;1;20000
37;mujer;Si;Obra social (incluye PAMI);Superior Universitaria Completa;Cuenta propia;4;25000
22;hombre;Si;No paga ni le descuentan;Primaria Completa;Cuenta propia;3;6000
45;mujer;Si;Obra social (incluye PAMI);Secundaria Completa;Cuenta propia;1;20000
58;hombre;Si;Obra social (incluye PAMI);Secundaria Completa;Cuenta propia;1;30000
48;mujer;Si;Obra social (incluye PAMI);Secundaria Completa;Cuenta propia;4;35000
25;hombre;Si;Obra social (incluye PAMI);Superior Universitaria Incompleta;Cuenta propia;3;3500
49;hombre;Si;No paga ni le descuentan;Secundaria Completa;Cuenta propia;3;15000
39;hombre;Si;No paga ni le descuentan;Secundaria Completa;Cuenta propia;4;15000
39;hombre;Si;No paga ni le descuentan;Secundaria Incompleta;Cuenta propia;1;10000
20;hombre;Si;No paga ni le descuentan;Primaria Completa;Cuenta propia;3;4000
29;mujer;Si;Obra social (incluye PAMI);Superior Universitaria Incompleta;Cuenta propia;1;16000
44;mujer;Si;Obra social (incluye PAMI);Secundaria Completa;Cuenta propia;1;10000
43;hombre;Si;No paga ni le descuentan;Primaria Completa;Director;1;15000
39;hombre;Si;Obra social (incluye PAMI);Primaria Completa;Cuenta propia;1;17000
48;hombre;Si;Obra social (incluye PAMI);Secundaria Completa;Cuenta propia;2;15000
64;mujer;Si;Obra social (incluye PAMI);Primaria Incompleta(incluye educación especial);Cuenta propia;4;4000
47;hombre;Si;Obra social (incluye PAMI);Superior Universitaria Completa;Cuenta propia;3;50000
48;hombre;Si;Obra social (incluye PAMI);Secundaria Incompleta;Cuenta propia;4;10000
44;mujer;Si;Obra social (incluye PAMI);Secundaria Incompleta;Cuenta propia;4;10000
41;hombre;Si;No paga ni le descuentan;Primaria Incompleta(incluye educación especial);Director;1;15000
40;mujer;Si;No paga ni le descuentan;Superior Universitaria Incompleta;Cuenta propia;3;5000
59;hombre;Si;Obra social (incluye PAMI);Superior Universitaria Completa;Cuenta propia;1;10000
34;mujer;Si;Obra social (incluye PAMI);Superior Universitaria Completa;Cuenta propia;4;10000
24;hombre;Si;No paga ni le descuentan;Secundaria Incompleta;Cuenta propia;3;1000
18;hombre;Si;No paga ni le descuentan;Secundaria Incompleta;Cuenta propia;3;2000
45;hombre;Si;Obra social (incluye PAMI);Secundaria Completa;Cuenta propia;1;17100
61;hombre;Si;Obra social (incluye PAMI);Primaria Completa;Cuenta propia;4;9000
54;hombre;Si;No paga ni le descuentan;Secundaria Completa;Cuenta propia;3;6000
40;hombre;Si;No paga ni le descuentan;Secundaria Completa;Cuenta propia;4;15000
34;mujer;Si;Obra social (incluye PAMI);Secundaria Completa;Director;2;20000
44;hombre;Si;No paga ni le descuentan;Primaria Completa;Cuenta propia;4;13000
65;hombre;Si;Obra social (incluye PAMI);Superior Universitaria Completa;Cuenta propia;1;35000
51;hombre;Si;No paga ni le descuentan;Secundaria Incompleta;Cuenta propia;4;8000
41;hombre;Si;Obra social (incluye PAMI);Secundaria Completa;Cuenta propia;1;18000
43;hombre;Si;No paga ni le descuentan;Primaria Completa;Cuenta propia;1;10000
39;mujer;Si;No paga ni le descuentan;Secundaria Incompleta;Cuenta propia;1;5000
46;mujer;Si;No paga ni le descuentan;Secundaria Completa;Cuenta propia;4;4000
56;mujer;Si;No paga ni le descuentan;Secundaria Completa;Cuenta propia;2;9000
33;mujer;Si;No paga ni le descuentan;Superior Universitaria Incompleta;Cuenta propia;3;3000
22;mujer;Si;No paga ni le descuentan;Primaria Incompleta(incluye educación especial);Cuenta propia;3;6000
34;hombre;Si;No paga ni le descuentan;Secundaria Completa;Cuenta propia;4;12000
53;mujer;Si;No paga ni le descuentan;Primaria Completa;Cuenta propia;5;10000
48;hombre;Si;Obra social (incluye PAMI);Superior Universitaria Completa;Director;1;30000
39;hombre;Si;Obra social (incluye PAMI);Superior Universitaria Incompleta;Cuenta propia;1;15000
71;hombre;Si;Obra social (incluye PAMI);Primaria Completa;Cuenta propia;1;5000
31;mujer;Si;Obra social (incluye PAMI);Secundaria Completa;Cuenta propia;4;8000
31;mujer;Si;Obra social (incluye PAMI);Primaria Completa;Cuenta propia;4;8500
37;hombre;Si;No paga ni le descuentan;Secundaria Completa;Cuenta propia;1;12000
27;hombre;Si;No paga ni le descuentan;Superior Universitaria Completa;Cuenta propia;3;25000
34;hombre;Si;Obra social (incluye PAMI);Secundaria Completa;Cuenta propia;1;13000
38;mujer;Si;No paga ni le descuentan;Superior Universitaria Incompleta;Cuenta propia;2;7000
33;mujer;Si;No paga ni le descuentan;Superior Universitaria Completa;Cuenta propia;3;4800
59;hombre;Si;Obra social (incluye PAMI);Secundaria Completa;Director;1;20000
24;mujer;Si;Obra social (incluye PAMI);Superior Universitaria Incompleta;Cuenta propia;3;12000
56;hombre;Si;Obra social (incluye PAMI);Secundaria Completa;Director;1;12000
52;mujer;Si;Obra social (incluye PAMI);Secundaria Incompleta;Cuenta propia;1;14000
41;mujer;Si;Obra social (incluye PAMI);Superior Universitaria Incompleta;Cuenta propia;1;4000
34;hombre;Si;Obra social (incluye PAMI);Superior Universitaria Completa;Director;4;25000
47;mujer;Si;No paga ni le descuentan;Primaria Incompleta(incluye educación especial);Cuenta propia;4;9500
66;hombre;Si;Obra social (incluye PAMI);Primaria Completa;Cuenta propia;2;10000
48;mujer;Si;Obra social (incluye PAMI);Secundaria Completa;Cuenta propia;4;6000
52;mujer;Si;No paga ni le descuentan;Superior Universitaria Incompleta;Director;5;3000
39;hombre;Si;No paga ni le descuentan;Superior Universitaria Incompleta;Cuenta propia;1;9000
30;mujer;Si;No paga ni le descuentan;Secundaria Completa;Cuenta propia;1;6000
58;hombre;Si;No paga ni le descuentan;Secundaria Completa;Cuenta propia;1;5000
47;mujer;Si;No paga ni le descuentan;Secundaria Completa;Cuenta propia;1;2000
32;mujer;Si;Obra social (incluye PAMI);Secundaria Completa;Cuenta propia;1;7000
53;hombre;Si;Obra social (incluye PAMI);Secundaria Completa;Cuenta propia;1;5000
44;hombre;Si;No paga ni le descuentan;Primaria Completa;Cuenta propia;4;10000
56;hombre;Si;Obra social (incluye PAMI);Superior Universitaria Completa;Director;1;40000
26;mujer;Si;Obra social (incluye PAMI);Secundaria Completa;Cuenta propia;3;2400
95;hombre;Si;Obra social (incluye PAMI);Primaria Incompleta(incluye educación especial);Cuenta propia;1;3000
64;mujer;Si;Planes y seguros públicos;Primaria Incompleta(incluye educación especial);Cuenta propia;4;12000
61;mujer;Si;No paga ni le descuentan;Secundaria Incompleta;Cuenta propia;3;4800
28;hombre;Si;No paga ni le descuentan;Secundaria Incompleta;Director;4;8000
49;mujer;Si;Obra social (incluye PAMI);Superior Universitaria Incompleta;Cuenta propia;1;2500
43;hombre;Si;Obra social (incluye PAMI);Superior Universitaria Incompleta;Cuenta propia;1;20000
61;mujer;Si;Obra social (incluye PAMI);Secundaria Completa;Cuenta propia;1;1600
44;mujer;Si;No paga ni le descuentan;Secundaria Completa;Cuenta propia;3;3200
29;hombre;Si;No paga ni le descuentan;Secundaria Completa;Cuenta propia;3;50000
42;mujer;Si;Obra social (incluye PAMI);Secundaria Completa;Director;4;20000
41;hombre;Si;No paga ni le descuentan;Secundaria Completa;Director;1;19200
26;mujer;Si;No paga ni le descuentan;Secundaria Incompleta;Cuenta propia;3;14000
32;mujer;Si;Obra social (incluye PAMI);Superior Universitaria Completa;Cuenta propia;1;15000
31;hombre;Si;Obra social (incluye PAMI);Superior Universitaria Incompleta;Cuenta propia;1;15000
72;hombre;Si;Obra social (incluye PAMI);Secundaria Incompleta;Director;1;8500
25;hombre;Si;No paga ni le descuentan;Secundaria Completa;Cuenta propia;3;3000
32;mujer;Si;Obra social (incluye PAMI);Superior Universitaria Completa;Cuenta propia;3;6000
54;hombre;Si;No paga ni le descuentan;Primaria Completa;Cuenta propia;4;25000
46;hombre;Si;Obra social (incluye PAMI);Superior Universitaria Completa;Cuenta propia;1;6000
63;hombre;Si;Obra social (incluye PAMI);Superior Universitaria Completa;Cuenta propia;1;20000
61;hombre;Si;Obra social (incluye PAMI);Primaria Completa;Director;1;50000
60;mujer;Si;Planes y seguros públicos;Secundaria Completa;Cuenta propia;2;2000
60;mujer;Si;Obra social (incluye PAMI);Secundaria Completa;Cuenta propia;2;5000
47;mujer;Si;Mutual / Prepaga / Servicio de emergencia;Primaria Completa;Director;4;40000
44;hombre;Si;Obra social (incluye PAMI);Secundaria Incompleta;Director;3;60000
49;hombre;Si;Obra social (incluye PAMI);Secundaria Incompleta;Cuenta propia;4;12000
57;mujer;Si;Obra social (incluye PAMI);Secundaria Completa;Cuenta propia;2;26000
43;mujer;Si;Obra social (incluye PAMI);Superior Universitaria Completa;Cuenta propia;1;40000
46;hombre;Si;Obra social y mutual/prepaga/servicio de emergencia.;Superior Universitaria Completa;Cuenta propia;1;50000
28;hombre;Si;Mutual / Prepaga / Servicio de emergencia;Primaria Completa;Cuenta propia;1;8000
42;hombre;Si;Obra social (incluye PAMI);Superior Universitaria Completa;Director;1;50000
57;hombre;Si;Mutual / Prepaga / Servicio de emergencia;Superior Universitaria Completa;Director;1;20000
49;mujer;Si;No paga ni le descuentan;Secundaria Completa;Cuenta propia;1;1750
55;mujer;Si;Obra social (incluye PAMI);Secundaria Completa;Cuenta propia;3;1200
34;mujer;Si;Obra social (incluye PAMI);Secundaria Completa;Cuenta propia;1;15000
34;hombre;Si;No paga ni le descuentan;Primaria Completa;Director;4;8000
24;mujer;Si;No paga ni le descuentan;Secundaria Completa;Cuenta propia;4;2000
36;mujer;Si;Obra social y mutual/prepaga/servicio de emergencia.;Superior Universitaria Completa;Cuenta propia;1;2500
36;hombre;Si;No paga ni le descuentan;Secundaria Completa;Cuenta propia;3;7200
28;hombre;Si;No paga ni le descuentan;Secundaria Completa;Cuenta propia;4;5000
30;mujer;Si;No paga ni le descuentan;Superior Universitaria Completa;Cuenta propia;1;1000
33;hombre;Si;Obra social (incluye PAMI);Superior Universitaria Completa;Cuenta propia;1;30000
33;mujer;Si;Obra social (incluye PAMI);Superior Universitaria Completa;Cuenta propia;1;15000
69;mujer;Si;Obra social (incluye PAMI);Secundaria Completa;Cuenta propia;1;7000
41;mujer;Si;No paga ni le descuentan;Secundaria Completa;Cuenta propia;4;20000
40;hombre;Si;Obra social (incluye PAMI);Superior Universitaria Completa;Cuenta propia;3;20000
59;hombre;Si;No paga ni le descuentan;Secundaria Completa;Cuenta propia;4;10900
50;hombre;Si;No paga ni le descuentan;Secundaria Incompleta;Cuenta propia;4;10000
64;hombre;Si;Obra social (incluye PAMI);Primaria Completa;Cuenta propia;1;10000
40;hombre;Si;No paga ni le descuentan;Secundaria Completa;Cuenta propia;4;20000
31;mujer;Si;No paga ni le descuentan;Secundaria Incompleta;Cuenta propia;3;20000
65;hombre;Si;Obra social (incluye PAMI);Superior Universitaria Incompleta;Cuenta propia;2;15000
44;hombre;Si;No paga ni le descuentan;Secundaria Completa;Cuenta propia;3;20000
62;mujer;Si;Obra social (incluye PAMI);Superior Universitaria Completa;Cuenta propia;2;30000
27;hombre;Si;No paga ni le descuentan;Secundaria Incompleta;Cuenta propia;4;16800
53;mujer;Si;No paga ni le descuentan;Secundaria Incompleta;Cuenta propia;2;16000
50;hombre;Si;No paga ni le descuentan;Primaria Completa;Cuenta propia;3;6000
21;hombre;Si;No paga ni le descuentan;Secundaria Completa;Cuenta propia;3;3000
60;hombre;Si;No paga ni le descuentan;Primaria Completa;Cuenta propia;3;10000
45;mujer;Si;Planes y seguros públicos;Primaria Completa;Cuenta propia;5;3000
22;hombre;Si;No paga ni le descuentan;Secundaria Completa;Cuenta propia;3;1000
44;mujer;Si;Obra social (incluye PAMI);Superior Universitaria Completa;Cuenta propia;3;20000
21;hombre;Si;No paga ni le descuentan;Superior Universitaria Incompleta;Cuenta propia;3;4000
43;mujer;Si;No paga ni le descuentan;Superior Universitaria Incompleta;Cuenta propia;2;6000
65;hombre;Si;Planes y seguros públicos;Secundaria Incompleta;Director;1;12000
50;hombre;Si;No paga ni le descuentan;Secundaria Completa;Cuenta propia;4;12000
67;hombre;Si;Obra social (incluye PAMI);Secundaria Completa;Cuenta propia;2;9000
40;hombre;Si;Obra social (incluye PAMI);Superior Universitaria Incompleta;Cuenta propia;4;5000
41;mujer;Si;Obra social (incluye PAMI);Superior Universitaria Incompleta;Cuenta propia;4;700
62;hombre;Si;Obra social (incluye PAMI);Secundaria Incompleta;Cuenta propia;1;6000
54;hombre;Si;No paga ni le descuentan;Superior Universitaria Incompleta;Cuenta propia;1;10000
29;hombre;Si;Mutual / Prepaga / Servicio de emergencia;Superior Universitaria Incompleta;Cuenta propia;3;8000
56;hombre;Si;No paga ni le descuentan;Secundaria Incompleta;Cuenta propia;1;6000
59;hombre;Si;No paga ni le descuentan;Secundaria Incompleta;Cuenta propia;1;25000
54;hombre;Si;No paga ni le descuentan;Primaria Completa;Cuenta propia;4;10000
58;hombre;Si;No paga ni le descuentan;Secundaria Completa;otro;2;5000
34;mujer;Si;No paga ni le descuentan;Secundaria Incompleta;Cuenta propia;4;6000
55;mujer;Si;Obra social y mutual/prepaga/servicio de emergencia.;Superior Universitaria Completa;Director;1;80000
31;mujer;Si;No paga ni le descuentan;Secundaria Incompleta;Cuenta propia;4;2500
69;hombre;Si;Obra social (incluye PAMI);Primaria Completa;Cuenta propia;4;19000
51;mujer;Si;No paga ni le descuentan;Secundaria Completa;Cuenta propia;2;6000
43;mujer;Si;Obra social (incluye PAMI);Superior Universitaria Completa;Director;1;15000
44;hombre;Si;No paga ni le descuentan;Secundaria Incompleta;Cuenta propia;3;8000
55;hombre;Si;No paga ni le descuentan;Secundaria Incompleta;Cuenta propia;3;12000
56;mujer;Si;Obra social (incluye PAMI);Primaria Incompleta(incluye educación especial);Cuenta propia;2;4000
71;mujer;Si;Planes y seguros públicos;Primaria Completa;Cuenta propia;3;4000
34;mujer;Si;Planes y seguros públicos;Superior Universitaria Incompleta;Cuenta propia;1;2000
21;hombre;Si;No paga ni le descuentan;Secundaria Completa;Cuenta propia;3;2000
47;hombre;Si;No paga ni le descuentan;Secundaria Incompleta;Cuenta propia;2;8000
30;hombre;Si;No paga ni le descuentan;Secundaria Incompleta;Cuenta propia;4;10000
49;hombre;Si;No paga ni le descuentan;Primaria Incompleta(incluye educación especial);Cuenta propia;5;8000
41;hombre;Si;No paga ni le descuentan;Secundaria Completa;Cuenta propia;1;7000
53;mujer;Si;Planes y seguros públicos;Secundaria Incompleta;Cuenta propia;3;2500
57;hombre;Si;No paga ni le descuentan;Superior Universitaria Incompleta;Cuenta propia;2;8000
43;hombre;Si;Obra social (incluye PAMI);Secundaria Completa;Director;1;30000
33;hombre;Si;No paga ni le descuentan;Superior Universitaria Incompleta;Cuenta propia;4;12000
33;mujer;Si;Planes y seguros públicos;Primaria Completa;Cuenta propia;3;1500
54;hombre;Si;No paga ni le descuentan;Secundaria Completa;Cuenta propia;4;15000
55;hombre;Si;No paga ni le descuentan;Primaria Incompleta(incluye educación especial);Cuenta propia;1;2000
37;hombre;Si;No paga ni le descuentan;Superior Universitaria Incompleta;Cuenta propia;3;8000
31;mujer;Si;Planes y seguros públicos;Secundaria Completa;Cuenta propia;4;1500
63;mujer;Si;Obra social (incluye PAMI);Primaria Completa;Cuenta propia;4;4000
64;hombre;Si;No paga ni le descuentan;Superior Universitaria Incompleta;Cuenta propia;1;3000
22;hombre;Si;No paga ni le descuentan;Secundaria Completa;Trabajador asalariado;3;3000
50;mujer;Si;Mutual / Prepaga / Servicio de emergencia;Superior Universitaria Completa;Cuenta propia;2;3000
38;mujer;Si;Obra social (incluye PAMI);Secundaria Completa;Cuenta propia;1;12000
20;mujer;Si;Obra social (incluye PAMI);Secundaria Completa;Cuenta propia;3;3000
58;mujer;Si;Obra social (incluye PAMI);Superior Universitaria Completa;Cuenta propia;2;30000
51;mujer;Si;Obra social (incluye PAMI);Primaria Completa;Cuenta propia;1;8000
46;hombre;Si;Obra social (incluye PAMI);Secundaria Completa;Cuenta propia;1;16000
55;hombre;Si;No paga ni le descuentan;Primaria Incompleta(incluye educación especial);Cuenta propia;1;4200
44;hombre;Si;No paga ni le descuentan;Primaria Completa;Cuenta propia;4;12000
24;hombre;Si;Obra social (incluye PAMI);Superior Universitaria Incompleta;Cuenta propia;4;6500
33;mujer;Si;Obra social (incluye PAMI);Superior Universitaria Incompleta;Cuenta propia;1;20000
53;hombre;Si;No paga ni le descuentan;Secundaria Incompleta;Cuenta propia;2;11000
54;hombre;Si;No paga ni le descuentan;Secundaria Incompleta;Cuenta propia;1;9000
42;hombre;Si;No paga ni le descuentan;Primaria Completa;Cuenta propia;3;9000
53;hombre;Si;No paga ni le descuentan;Primaria Completa;Cuenta propia;4;15000
52;hombre;Si;No paga ni le descuentan;Primaria Completa;Cuenta propia;4;3000
51;mujer;Si;Obra social (incluye PAMI);Primaria Completa;Cuenta propia;1;10000
45;hombre;Si;No paga ni le descuentan;Primaria Incompleta(incluye educación especial);Cuenta propia;1;25000
38;mujer;Si;Obra social (incluye PAMI);Secundaria Completa;Director;1;20000
39;hombre;Si;No paga ni le descuentan;Superior Universitaria Incompleta;Cuenta propia;3;17000
41;mujer;Si;No paga ni le descuentan;Secundaria Completa;Cuenta propia;4;9000
46;hombre;Si;Obra social (incluye PAMI);Secundaria Incompleta;Director;3;5000
38;hombre;Si;No paga ni le descuentan;Primaria Completa;Cuenta propia;4;12000
36;hombre;Si;Obra social (incluye PAMI);Superior Universitaria Incompleta;Cuenta propia;1;8000
43;hombre;Si;No paga ni le descuentan;Secundaria Completa;Director;3;30000
23;hombre;Si;No paga ni le descuentan;Secundaria Completa;Cuenta propia;3;8000
57;hombre;Si;Obra social (incluye PAMI);Secundaria Completa;Director;1;25000
48;hombre;Si;Obra social (incluye PAMI);Superior Universitaria Completa;Director;1;40000
45;hombre;Si;No paga ni le descuentan;Secundaria Completa;Cuenta propia;3;8000
63;hombre;Si;Mutual / Prepaga / Servicio de emergencia;Secundaria Completa;Director;3;30000
56;hombre;Si;No paga ni le descuentan;Primaria Incompleta(incluye educación especial);Cuenta propia;4;3000
61;mujer;Si;Obra social (incluye PAMI);Superior Universitaria Completa;Cuenta propia;1;30000
28;hombre;Si;No paga ni le descuentan;Secundaria Incompleta;Cuenta propia;3;15000
44;mujer;Si;Obra social (incluye PAMI);Primaria Incompleta(incluye educación especial);Cuenta propia;4;12000
34;hombre;Si;No paga ni le descuentan;Primaria Completa;Cuenta propia;3;7000
44;hombre;Si;Obra social (incluye PAMI);Superior Universitaria Completa;Cuenta propia;1;15000
57;hombre;Si;Obra social (incluye PAMI);Superior Universitaria Incompleta;Cuenta propia;1;15000
55;hombre;Si;Planes y seguros públicos;Primaria Completa;Cuenta propia;1;12000
42;hombre;Si;No paga ni le descuentan;Secundaria Incompleta;Cuenta propia;3;3000
43;hombre;Si;No paga ni le descuentan;Superior Universitaria Incompleta;Cuenta propia;3;20000
30;hombre;Si;No paga ni le descuentan;Secundaria Completa;Cuenta propia;4;25000
37;hombre;Si;No paga ni le descuentan;Secundaria Incompleta;Cuenta propia;4;15000
41;hombre;Si;No paga ni le descuentan;Secundaria Completa;Cuenta propia;1;16000
35;hombre;Si;No paga ni le descuentan;Secundaria Completa;Cuenta propia;3;8000
35;hombre;Si;Obra social (incluye PAMI);Superior Universitaria Completa;Director;1;50000
46;hombre;Si;No paga ni le descuentan;Secundaria Completa;Cuenta propia;4;15000
55;hombre;Si;No paga ni le descuentan;Secundaria Completa;Cuenta propia;2;10000
51;hombre;Si;Obra social (incluye PAMI);Superior Universitaria Completa;Cuenta propia;3;40000
48;hombre;Si;No paga ni le descuentan;Secundaria Incompleta;Cuenta propia;2;15000
55;hombre;Si;No paga ni le descuentan;Primaria Completa;Cuenta propia;3;20000
29;hombre;Si;Obra social (incluye PAMI);Primaria Completa;Cuenta propia;4;8000
57;hombre;Si;No paga ni le descuentan;Secundaria Completa;Cuenta propia;3;11000
57;hombre;Si;Obra social (incluye PAMI);Secundaria Completa;Cuenta propia;1;12000
35;hombre;Si;No paga ni le descuentan;Secundaria Completa;Cuenta propia;4;15000
26;hombre;Si;No paga ni le descuentan;Secundaria Completa;Cuenta propia;4;18000
57;mujer;Si;No paga ni le descuentan;Primaria Completa;Cuenta propia;1;5000
56;hombre;Si;No paga ni le descuentan;Primaria Completa;Cuenta propia;4;4000
76;hombre;Si;Obra social (incluye PAMI);Secundaria Incompleta;Cuenta propia;1;12000
49;hombre;Si;No paga ni le descuentan;Secundaria Incompleta;Cuenta propia;1;8000
31;mujer;Si;Obra social (incluye PAMI);Superior Universitaria Completa;Cuenta propia;1;25000
63;hombre;Si;No paga ni le descuentan;Primaria Incompleta(incluye educación especial);Cuenta propia;1;7000
25;hombre;Si;No paga ni le descuentan;Secundaria Incompleta;Cuenta propia;4;10000
74;hombre;Si;Obra social (incluye PAMI);Secundaria Incompleta;Cuenta propia;1;4000
27;hombre;Si;No paga ni le descuentan;Secundaria Completa;Cuenta propia;4;12000
38;hombre;Si;No paga ni le descuentan;Secundaria Completa;Cuenta propia;1;15000
67;hombre;Si;No paga ni le descuentan;Primaria Completa;Cuenta propia;5;12500
59;hombre;Si;No paga ni le descuentan;Secundaria Incompleta;Cuenta propia;4;10000
53;hombre;Si;No paga ni le descuentan;Secundaria Completa;Cuenta propia;1;20000
36;mujer;Si;No paga ni le descuentan;Superior Universitaria Completa;Cuenta propia;3;6000
45;mujer;Si;Obra social (incluye PAMI);Primaria Completa;Cuenta propia;2;2000
28;hombre;Si;No paga ni le descuentan;Superior Universitaria Incompleta;Cuenta propia;3;7000
66;hombre;Si;Obra social (incluye PAMI);Secundaria Incompleta;Cuenta propia;1;12000
37;mujer;Si;Obra social (incluye PAMI);Secundaria Completa;Cuenta propia;1;4000
55;mujer;Si;Obra social (incluye PAMI);Primaria Completa;Cuenta propia;3;300
36;hombre;Si;No paga ni le descuentan;Secundaria Completa;Cuenta propia;1;20000
57;hombre;Si;Obra social (incluye PAMI);Superior Universitaria Completa;Cuenta propia;1;25000
19;hombre;Si;Obra social (incluye PAMI);Secundaria Incompleta;Cuenta propia;3;1000
31;mujer;Si;Obra social (incluye PAMI);Superior Universitaria Incompleta;Cuenta propia;4;8000
47;mujer;Si;Obra social (incluye PAMI);Secundaria Completa;Cuenta propia;1;1200
25;hombre;Si;Obra social (incluye PAMI);Superior Universitaria Incompleta;Cuenta propia;3;5000
25;mujer;Si;No paga ni le descuentan;Superior Universitaria Incompleta;Cuenta propia;3;8800
59;mujer;Si;No paga ni le descuentan;Secundaria Completa;Cuenta propia;2;11000
39;hombre;Si;Obra social (incluye PAMI);Secundaria Completa;Cuenta propia;4;40000
39;mujer;Si;No paga ni le descuentan;Secundaria Completa;Cuenta propia;4;5800
46;hombre;Si;No paga ni le descuentan;Superior Universitaria Incompleta;Cuenta propia;3;8000
49;mujer;Si;No paga ni le descuentan;Superior Universitaria Incompleta;Cuenta propia;1;6000
56;hombre;Si;No paga ni le descuentan;Primaria Completa;Cuenta propia;1;18000
35;hombre;Si;No paga ni le descuentan;Secundaria Completa;Cuenta propia;3;9000
55;hombre;Si;No paga ni le descuentan;Primaria Completa;Cuenta propia;1;9000
49;hombre;Si;Obra social (incluye PAMI);Superior Universitaria Incompleta;Cuenta propia;1;25000
69;mujer;Si;Obra social (incluye PAMI);Secundaria Completa;Cuenta propia;1;10000
66;mujer;Si;Obra social (incluye PAMI);Superior Universitaria Incompleta;Cuenta propia;5;2500
45;hombre;Si;No paga ni le descuentan;Primaria Completa;Cuenta propia;1;8000
37;mujer;Si;No paga ni le descuentan;Secundaria Completa;Cuenta propia;1;800
33;mujer;Si;No paga ni le descuentan;Superior Universitaria Incompleta;Cuenta propia;1;8000
46;hombre;Si;No paga ni le descuentan;Primaria Completa;Cuenta propia;1;10000
23;hombre;Si;No paga ni le descuentan;Superior Universitaria Incompleta;Cuenta propia;3;8000
48;mujer;Si;No paga ni le descuentan;Secundaria Completa;Cuenta propia;2;15000
20;hombre;Si;Obra social (incluye PAMI);Secundaria Incompleta;Cuenta propia;3;15000
38;hombre;Si;No paga ni le descuentan;Secundaria Completa;Cuenta propia;1;8000
53;hombre;Si;No paga ni le descuentan;Primaria Completa;Cuenta propia;1;3500
39;hombre;Si;Obra social (incluye PAMI);Superior Universitaria Incompleta;Cuenta propia;4;30000
64;hombre;Si;Mutual / Prepaga / Servicio de emergencia;Superior Universitaria Completa;Cuenta propia;2;12000
65;hombre;Si;Mutual / Prepaga / Servicio de emergencia;Primaria Incompleta(incluye educación especial);Cuenta propia;1;3600
44;mujer;Si;Planes y seguros públicos;Secundaria Completa;Cuenta propia;1;7000
52;mujer;Si;Obra social y mutual/prepaga/servicio de emergencia.;Primaria Completa;Cuenta propia;3;4800
61;hombre;Si;No paga ni le descuentan;Secundaria Incompleta;Cuenta propia;1;8600
56;hombre;Si;No paga ni le descuentan;Primaria Completa;Cuenta propia;3;9500
52;hombre;Si;No paga ni le descuentan;Primaria Completa;Cuenta propia;2;7200
45;hombre;Si;No paga ni le descuentan;Primaria Completa;Cuenta propia;2;8200
58;mujer;Si;No paga ni le descuentan;Secundaria Completa;Cuenta propia;2;4000
20;hombre;Si;Obra social (incluye PAMI);Secundaria Incompleta;Cuenta propia;3;2800
50;mujer;Si;Mutual / Prepaga / Servicio de emergencia;Superior Universitaria Incompleta;Cuenta propia;3;5000
39;mujer;Si;Obra social (incluye PAMI);Superior Universitaria Completa;Cuenta propia;1;30000
55;hombre;Si;No paga ni le descuentan;Secundaria Incompleta;Cuenta propia;1;13000
32;mujer;Si;No paga ni le descuentan;Primaria Completa;Cuenta propia;4;10000
62;mujer;Si;Obra social (incluye PAMI);Secundaria Completa;Cuenta propia;1;10000
72;mujer;Si;Obra social y mutual/prepaga/servicio de emergencia.;Secundaria Completa;Cuenta propia;5;8900
31;hombre;Si;Obra social (incluye PAMI);Superior Universitaria Completa;Cuenta propia;4;12000
65;hombre;Si;No paga ni le descuentan;Secundaria Incompleta;Cuenta propia;1;4800
28;mujer;Si;No paga ni le descuentan;Superior Universitaria Completa;Cuenta propia;4;8000
27;hombre;Si;No paga ni le descuentan;Secundaria Incompleta;Cuenta propia;3;1250
54;hombre;Si;Mutual / Prepaga / Servicio de emergencia;Secundaria Completa;Director;1;60000
39;hombre;Si;Obra social (incluye PAMI);Superior Universitaria Completa;Director;1;40000
56;mujer;Si;Obra social (incluye PAMI);Secundaria Incompleta;Cuenta propia;1;3000
24;hombre;Si;No paga ni le descuentan;Secundaria Incompleta;Cuenta propia;3;2400
27;hombre;Si;No paga ni le descuentan;Secundaria Incompleta;Cuenta propia;4;16000
36;hombre;Si;No paga ni le descuentan;Secundaria Incompleta;Director;1;18000
39;hombre;Si;No paga ni le descuentan;Primaria Completa;Cuenta propia;3;12000
53;mujer;Si;No paga ni le descuentan;Primaria Completa;Cuenta propia;3;2600
71;mujer;Si;Obra social y mutual/prepaga/servicio de emergencia.;Primaria Completa;Cuenta propia;1;3300
28;hombre;Si;Obra social (incluye PAMI);Superior Universitaria Incompleta;Cuenta propia;3;4000
66;hombre;Si;Obra social (incluye PAMI);Primaria Completa;Cuenta propia;1;31000
28;mujer;Si;Mutual / Prepaga / Servicio de emergencia;Superior Universitaria Completa;Cuenta propia;1;8000
56;hombre;Si;No paga ni le descuentan;Primaria Completa;Cuenta propia;1;8600
57;mujer;Si;No paga ni le descuentan;Primaria Completa;Cuenta propia;1;2500
26;mujer;Si;Obra social (incluye PAMI);Superior Universitaria Incompleta;Cuenta propia;4;4000
65;hombre;Si;No paga ni le descuentan;Primaria Incompleta(incluye educación especial);Cuenta propia;3;18000
43;hombre;Si;Obra social (incluye PAMI);Secundaria Completa;Cuenta propia;1;15000
29;mujer;Si;No paga ni le descuentan;Secundaria Completa;Cuenta propia;4;4200
72;hombre;Si;Obra social (incluye PAMI);Secundaria Incompleta;Cuenta propia;1;1000
26;hombre;Si;Mutual / Prepaga / Servicio de emergencia;Superior Universitaria Incompleta;Cuenta propia;3;1600
50;mujer;Si;Obra social (incluye PAMI);Secundaria Completa;Cuenta propia;4;6000
37;mujer;Si;Obra social (incluye PAMI);Superior Universitaria Incompleta;Cuenta propia;1;8000
43;hombre;Si;No paga ni le descuentan;Secundaria Completa;Cuenta propia;3;4300
59;hombre;Si;No paga ni le descuentan;Primaria Completa;Director;3;4800
43;hombre;Si;Mutual / Prepaga / Servicio de emergencia;Secundaria Completa;Cuenta propia;3;5000
56;hombre;Si;No paga ni le descuentan;Primaria Completa;Cuenta propia;5;2000
40;hombre;Si;No paga ni le descuentan;Primaria Completa;Cuenta propia;4;14000
47;mujer;Si;No paga ni le descuentan;Superior Universitaria Incompleta;Cuenta propia;1;12000
58;mujer;Si;Obra social (incluye PAMI);Superior Universitaria Completa;Director;1;28000
57;hombre;Si;No paga ni le descuentan;Primaria Incompleta(incluye educación especial);Cuenta propia;3;6000
54;hombre;Si;Obra social (incluye PAMI);Primaria Incompleta(incluye educación especial);Cuenta propia;1;3000
72;hombre;Si;Obra social y mutual/prepaga/servicio de emergencia.;Secundaria Incompleta;Director;2;30000
20;hombre;Si;No paga ni le descuentan;Secundaria Incompleta;Cuenta propia;3;12800
23;hombre;Si;Mutual / Prepaga / Servicio de emergencia;Secundaria Incompleta;Cuenta propia;3;7200
42;hombre;Si;No paga ni le descuentan;Secundaria Incompleta;Director;4;8000
33;mujer;Si;Obra social (incluye PAMI);Primaria Completa;Cuenta propia;1;12000
50;mujer;Si;Obra social y mutual/prepaga/servicio de emergencia.;Secundaria Completa;Cuenta propia;1;9000
62;hombre;Si;No paga ni le descuentan;Secundaria Incompleta;Cuenta propia;5;7600
44;hombre;Si;No paga ni le descuentan;Primaria Completa;Cuenta propia;1;1500
27;hombre;Si;No paga ni le descuentan;Secundaria Incompleta;Cuenta propia;4;9000
54;mujer;Si;Obra social y mutual/prepaga/servicio de emergencia.;Superior Universitaria Incompleta;Director;1;12000
30;mujer;Si;Obra social (incluye PAMI);Secundaria Completa;Cuenta propia;3;4000
46;mujer;Si;Obra social (incluye PAMI);Primaria Completa;Cuenta propia;3;12000
28;mujer;Si;Obra social (incluye PAMI);Superior Universitaria Completa;Cuenta propia;1;30000
28;mujer;Si;No paga ni le descuentan;Superior Universitaria Incompleta;Cuenta propia;4;2000
45;hombre;Si;No paga ni le descuentan;Superior Universitaria Completa;Cuenta propia;3;16000
41;hombre;Si;Obra social (incluye PAMI);Primaria Completa;Cuenta propia;1;28000
21;hombre;Si;No paga ni le descuentan;Secundaria Incompleta;Cuenta propia;3;4800
38;mujer;Si;Obra social (incluye PAMI);Superior Universitaria Completa;Cuenta propia;1;5000
46;mujer;Si;Obra social (incluye PAMI);Secundaria Incompleta;Cuenta propia;1;8400
35;hombre;Si;No paga ni le descuentan;Primaria Completa;Cuenta propia;4;12000
70;mujer;Si;Obra social (incluye PAMI);Primaria Completa;Cuenta propia;4;4000
50;mujer;Si;No paga ni le descuentan;Superior Universitaria Incompleta;Cuenta propia;2;3000
58;hombre;Si;Obra social (incluye PAMI);Primaria Completa;Cuenta propia;3;3000
36;mujer;Si;No paga ni le descuentan;Secundaria Completa;Cuenta propia;1;4000
42;hombre;Si;No paga ni le descuentan;Secundaria Incompleta;Cuenta propia;3;6000
45;hombre;Si;Obra social (incluye PAMI);Secundaria Completa;Cuenta propia;1;25000
48;hombre;Si;No paga ni le descuentan;Secundaria Completa;Cuenta propia;1;5000
37;mujer;Si;No paga ni le descuentan;Secundaria Completa;Cuenta propia;1;2000
54;mujer;Si;Obra social (incluye PAMI);Primaria Completa;Cuenta propia;3;1000
56;mujer;Si;Obra social (incluye PAMI);Superior Universitaria Completa;Director;1;30000
22;mujer;Si;No paga ni le descuentan;Secundaria Incompleta;Cuenta propia;2;1000
36;hombre;Si;Obra social (incluye PAMI);Superior Universitaria Completa;Cuenta propia;3;40000
43;hombre;Si;Mutual / Prepaga / Servicio de emergencia;Superior Universitaria Completa;Director;1;35000
24;mujer;Si;No paga ni le descuentan;Secundaria Incompleta;Cuenta propia;3;4000
39;hombre;Si;No paga ni le descuentan;Secundaria Incompleta;Cuenta propia;4;5000
36;mujer;Si;No paga ni le descuentan;Secundaria Incompleta;Cuenta propia;4;5000
56;hombre;Si;Obra social (incluye PAMI);Primaria Completa;Cuenta propia;1;35000
50;hombre;Si;Obra social (incluye PAMI);Primaria Completa;Cuenta propia;1;20000
36;hombre;Si;Obra social (incluye PAMI);Secundaria Completa;Cuenta propia;3;28000
39;mujer;Si;Obra social (incluye PAMI);Secundaria Incompleta;Cuenta propia;4;2000
34;hombre;Si;No paga ni le descuentan;Superior Universitaria Incompleta;Director;4;8000
29;hombre;Si;No paga ni le descuentan;Primaria Completa;Cuenta propia;4;4000
63;hombre;Si;Obra social (incluye PAMI);Primaria Completa;Cuenta propia;5;8000
45;hombre;Si;Obra social (incluye PAMI);Primaria Completa;Cuenta propia;1;5000
46;mujer;Si;Obra social (incluye PAMI);Superior Universitaria Incompleta;Director;1;10000
39;mujer;Si;No paga ni le descuentan;Superior Universitaria Incompleta;Cuenta propia;1;10000
41;mujer;Si;No paga ni le descuentan;Secundaria Completa;Cuenta propia;2;3000
43;hombre;Si;No paga ni le descuentan;Primaria Completa;Cuenta propia;2;2000
41;hombre;Si;No paga ni le descuentan;Primaria Incompleta(incluye educación especial);Cuenta propia;4;6000
44;hombre;Si;No paga ni le descuentan;Primaria Completa;Cuenta propia;4;7000
55;mujer;Si;Obra social (incluye PAMI);Superior Universitaria Completa;Cuenta propia;1;20000
64;hombre;Si;No paga ni le descuentan;Primaria Incompleta(incluye educación especial);Director;1;100000
57;mujer;Si;Obra social (incluye PAMI);Secundaria Incompleta;Cuenta propia;1;28000
25;hombre;Si;No paga ni le descuentan;Secundaria Completa;Cuenta propia;3;10000
55;hombre;Si;No paga ni le descuentan;Primaria Incompleta(incluye educación especial);Cuenta propia;3;15000
38;hombre;Si;No paga ni le descuentan;Secundaria Completa;otro;3;28000
39;hombre;Si;Obra social (incluye PAMI);Secundaria Completa;Director;4;25000
48;hombre;Si;Obra social (incluye PAMI);Secundaria Completa;Cuenta propia;1;42000
59;hombre;Si;Obra social (incluye PAMI);Secundaria Completa;Director;1;35000
60;hombre;Si;No paga ni le descuentan;Secundaria Incompleta;Cuenta propia;4;15000
60;hombre;Si;Obra social (incluye PAMI);Superior Universitaria Completa;Director;3;30000
67;mujer;Si;Obra social (incluye PAMI);Secundaria Completa;Cuenta propia;1;7000
55;hombre;Si;Obra social (incluye PAMI);Secundaria Completa;Cuenta propia;1;40000
67;mujer;Si;Mutual / Prepaga / Servicio de emergencia;Superior Universitaria Completa;Cuenta propia;2;20000
68;hombre;Si;Obra social (incluye PAMI);Secundaria Completa;Cuenta propia;1;8000
24;mujer;Si;Obra social (incluye PAMI);Superior Universitaria Incompleta;Cuenta propia;3;1500
70;hombre;Si;Mutual / Prepaga / Servicio de emergencia;Secundaria Incompleta;Cuenta propia;1;15000
53;mujer;Si;Mutual / Prepaga / Servicio de emergencia;Superior Universitaria Completa;Cuenta propia;1;10000
75;mujer;Si;Obra social (incluye PAMI);Secundaria Incompleta;Cuenta propia;2;20000
22;hombre;Si;Obra social (incluye PAMI);Superior Universitaria Incompleta;Cuenta propia;4;35000
63;hombre;Si;Obra social (incluye PAMI);Primaria Completa;Cuenta propia;1;15000
57;mujer;Si;Obra social (incluye PAMI);Secundaria Completa;Cuenta propia;1;20000
41;mujer;Si;Obra social y mutual/prepaga/servicio de emergencia.;Superior Universitaria Completa;Cuenta propia;4;10000
62;mujer;Si;Obra social (incluye PAMI);Secundaria Incompleta;Cuenta propia;2;10000
40;mujer;Si;Obra social (incluye PAMI);Superior Universitaria Completa;Cuenta propia;3;45000
63;mujer;Si;Obra social y mutual/prepaga/servicio de emergencia.;Superior Universitaria Incompleta;Cuenta propia;5;5000
52;mujer;Si;Obra social (incluye PAMI);Superior Universitaria Incompleta;Cuenta propia;1;5000
75;hombre;Si;Mutual / Prepaga / Servicio de emergencia;Superior Universitaria Completa;Cuenta propia;1;50000
30;mujer;Si;Mutual / Prepaga / Servicio de emergencia;Superior Universitaria Completa;Cuenta propia;4;10000
53;hombre;Si;No paga ni le descuentan;Secundaria Incompleta;Cuenta propia;1;10000
65;hombre;Si;No paga ni le descuentan;Secundaria Completa;Cuenta propia;5;20000
41;mujer;Si;Mutual / Prepaga / Servicio de emergencia;Secundaria Completa;Cuenta propia;3;19000
39;mujer;Si;Mutual / Prepaga / Servicio de emergencia;Superior Universitaria Completa;Cuenta propia;4;40000
48;hombre;Si;Obra social (incluye PAMI);Superior Universitaria Completa;Cuenta propia;1;10000
61;hombre;Si;Obra social (incluye PAMI);Secundaria Incompleta;Cuenta propia;4;6000
34;hombre;Si;No paga ni le descuentan;Superior Universitaria Incompleta;Cuenta propia;3;10000
75;mujer;Si;Obra social (incluye PAMI);Superior Universitaria Completa;Cuenta propia;4;30000
49;hombre;Si;No paga ni le descuentan;Superior Universitaria Incompleta;Cuenta propia;4;20000
47;mujer;Si;No paga ni le descuentan;Secundaria Completa;Cuenta propia;4;10000
54;mujer;Si;No paga ni le descuentan;Secundaria Completa;Cuenta propia;2;3000
27;mujer;Si;Obra social (incluye PAMI);Secundaria Incompleta;Cuenta propia;1;3000
45;hombre;Si;Mutual / Prepaga / Servicio de emergencia;Superior Universitaria Completa;Cuenta propia;1;35000
38;hombre;Si;Obra social (incluye PAMI);Secundaria Completa;Cuenta propia;1;15000
40;hombre;Si;No paga ni le descuentan;Secundaria Completa;Cuenta propia;1;20000
44;hombre;Si;No paga ni le descuentan;Secundaria Completa;Cuenta propia;1;9500
59;hombre;Si;Obra social (incluye PAMI);Superior Universitaria Incompleta;Cuenta propia;1;15000
29;mujer;Si;Mutual / Prepaga / Servicio de emergencia;Superior Universitaria Completa;Cuenta propia;3;20000
77;hombre;Si;Obra social (incluye PAMI);Secundaria Incompleta;Cuenta propia;3;5000
66;hombre;Si;Obra social (incluye PAMI);Superior Universitaria Completa;Cuenta propia;1;30000
59;hombre;Si;Obra social (incluye PAMI);Superior Universitaria Completa;Director;1;50000
35;mujer;Si;Obra social (incluye PAMI);Superior Universitaria Incompleta;Cuenta propia;4;50000
63;mujer;Si;Obra social (incluye PAMI);Secundaria Completa;Cuenta propia;2;15000
49;mujer;Si;Obra social (incluye PAMI);Primaria Completa;Director;1;20000
63;hombre;Si;No paga ni le descuentan;Superior Universitaria Completa;Cuenta propia;4;30000
21;hombre;Si;No paga ni le descuentan;Secundaria Completa;Cuenta propia;3;10000
41;hombre;Si;No paga ni le descuentan;Secundaria Incompleta;Cuenta propia;4;15000
51;hombre;Si;Mutual / Prepaga / Servicio de emergencia;Superior Universitaria Completa;Cuenta propia;1;40000
47;hombre;Si;Mutual / Prepaga / Servicio de emergencia;Secundaria Incompleta;Cuenta propia;3;20000
64;mujer;Si;Obra social (incluye PAMI);Secundaria Incompleta;Cuenta propia;4;2300
36;hombre;Si;Obra social (incluye PAMI);Superior Universitaria Incompleta;Cuenta propia;4;8000
51;hombre;Si;No paga ni le descuentan;Secundaria Incompleta;Cuenta propia;2;6000
47;hombre;Si;No paga ni le descuentan;Primaria Incompleta(incluye educación especial);Trabajador asalariado;4;9000
39;mujer;Si;Obra social (incluye PAMI);Secundaria Completa;Cuenta propia;2;4000
39;mujer;Si;Mutual / Prepaga / Servicio de emergencia;Superior Universitaria Completa;Cuenta propia;4;30000
47;mujer;Si;Obra social (incluye PAMI);Secundaria Completa;Cuenta propia;1;5000
22;hombre;Si;No paga ni le descuentan;Secundaria Incompleta;Cuenta propia;4;1000
35;mujer;Si;Obra social (incluye PAMI);Secundaria Completa;Cuenta propia;1;12500
64;hombre;Si;No paga ni le descuentan;Primaria Completa;Cuenta propia;4;15000
41;hombre;Si;No paga ni le descuentan;Superior Universitaria Incompleta;Cuenta propia;3;4800
25;hombre;Si;Obra social (incluye PAMI);Superior Universitaria Incompleta;Cuenta propia;3;20000
46;hombre;Si;Obra social (incluye PAMI);Primaria Completa;Cuenta propia;2;15000
42;hombre;Si;Obra social (incluye PAMI);Superior Universitaria Completa;otro;4;9000
34;hombre;Si;No paga ni le descuentan;Primaria Completa;Cuenta propia;4;6000
34;hombre;Si;No paga ni le descuentan;Secundaria Incompleta;Cuenta propia;3;3000
62;hombre;Si;No paga ni le descuentan;Secundaria Incompleta;Cuenta propia;3;500
36;mujer;Si;No paga ni le descuentan;Secundaria Incompleta;Cuenta propia;4;800
32;hombre;Si;No paga ni le descuentan;Superior Universitaria Incompleta;Cuenta propia;2;3600
58;hombre;Si;No paga ni le descuentan;Secundaria Completa;Cuenta propia;4;25000
45;mujer;Si;Obra social (incluye PAMI);Primaria Completa;Cuenta propia;4;8000
46;mujer;Si;Obra social (incluye PAMI);Secundaria Completa;Cuenta propia;4;5000
52;hombre;Si;Obra social (incluye PAMI);Secundaria Completa;Cuenta propia;1;16000
24;mujer;Si;No paga ni le descuentan;Secundaria Incompleta;Cuenta propia;3;1500
40;hombre;Si;No paga ni le descuentan;Secundaria Incompleta;Cuenta propia;4;5000
62;mujer;Si;Obra social (incluye PAMI);Primaria Completa;Cuenta propia;4;1500
51;hombre;Si;Obra social (incluye PAMI);Superior Universitaria Completa;Cuenta propia;3;15000
40;hombre;Si;No paga ni le descuentan;Primaria Completa;Cuenta propia;4;16000
67;mujer;Si;No paga ni le descuentan;Primaria Completa;Cuenta propia;1;500
57;hombre;Si;Obra social (incluye PAMI);Superior Universitaria Completa;Cuenta propia;1;40000
55;hombre;Si;Obra social (incluye PAMI);Primaria Completa;Cuenta propia;3;2000
76;hombre;Si;Obra social (incluye PAMI);Primaria Completa;Cuenta propia;4;1500
42;hombre;Si;No paga ni le descuentan;Secundaria Incompleta;Director;1;5000
65;mujer;Si;Obra social (incluye PAMI);Superior Universitaria Completa;Cuenta propia;1;15000
49;mujer;Si;Obra social (incluye PAMI);Superior Universitaria Completa;Cuenta propia;1;50000
48;mujer;Si;No paga ni le descuentan;Secundaria Completa;Cuenta propia;1;8000
43;hombre;Si;Obra social (incluye PAMI);Secundaria Incompleta;Cuenta propia;2;3000
54;hombre;Si;No paga ni le descuentan;Secundaria Incompleta;Cuenta propia;1;9000
42;hombre;Si;No paga ni le descuentan;Superior Universitaria Completa;Cuenta propia;1;5000
47;hombre;Si;No paga ni le descuentan;Secundaria Completa;Cuenta propia;1;20000
41;hombre;Si;Obra social (incluye PAMI);Secundaria Completa;Cuenta propia;1;22000
54;hombre;Si;Obra social (incluye PAMI);Superior Universitaria Completa;Cuenta propia;1;15000
28;mujer;Si;Obra social (incluye PAMI);Superior Universitaria Completa;Cuenta propia;4;5000
27;mujer;Si;No paga ni le descuentan;Secundaria Incompleta;Cuenta propia;3;9000
52;mujer;Si;Mutual / Prepaga / Servicio de emergencia;Superior Universitaria Completa;Director;1;40000
46;mujer;Si;No paga ni le descuentan;Secundaria Completa;Director;4;20000
36;hombre;Si;No paga ni le descuentan;Primaria Completa;Cuenta propia;4;8000
33;hombre;Si;No paga ni le descuentan;Superior Universitaria Completa;Cuenta propia;4;14000
73;hombre;Si;Obra social (incluye PAMI);Superior Universitaria Completa;Director;1;15000
56;mujer;Si;Obra social (incluye PAMI);Superior Universitaria Incompleta;Cuenta propia;5;10000
52;hombre;Si;No paga ni le descuentan;Secundaria Completa;Cuenta propia;1;10000
61;hombre;Si;No paga ni le descuentan;Primaria Completa;Director;1;2000
64;hombre;Si;Obra social (incluye PAMI);Primaria Completa;Cuenta propia;1;18000
38;hombre;Si;No paga ni le descuentan;Primaria Completa;Cuenta propia;4;8000
33;mujer;Si;No paga ni le descuentan;Secundaria Completa;Cuenta propia;4;1500
46;mujer;Si;Obra social (incluye PAMI);Secundaria Completa;Cuenta propia;2;10000
23;hombre;Si;No paga ni le descuentan;Primaria Completa;Cuenta propia;4;4800
44;hombre;Si;No paga ni le descuentan;Secundaria Incompleta;Cuenta propia;4;16000
58;hombre;Si;Obra social (incluye PAMI);Secundaria Incompleta;Cuenta propia;1;15000
32;mujer;Si;Mutual / Prepaga / Servicio de emergencia;Superior Universitaria Completa;Cuenta propia;1;15000
66;hombre;Si;No paga ni le descuentan;Secundaria Completa;Cuenta propia;1;25000
53;hombre;Si;No paga ni le descuentan;Primaria Completa;Cuenta propia;2;10000
28;hombre;Si;No paga ni le descuentan;Secundaria Completa;Cuenta propia;3;9000
74;mujer;Si;Obra social (incluye PAMI);Primaria Incompleta(incluye educación especial);Cuenta propia;2;1600
45;mujer;Si;No paga ni le descuentan;Superior Universitaria Incompleta;Cuenta propia;3;10000
41;hombre;Si;No paga ni le descuentan;Secundaria Incompleta;Cuenta propia;3;8000
61;mujer;Si;Mutual / Prepaga / Servicio de emergencia;Secundaria Incompleta;Cuenta propia;2;15000
55;hombre;Si;Obra social (incluye PAMI);Superior Universitaria Completa;Cuenta propia;1;10000
35;hombre;Si;Obra social (incluye PAMI);Superior Universitaria Completa;Director;4;60000
39;hombre;Si;No paga ni le descuentan;Superior Universitaria Incompleta;Cuenta propia;1;22000
56;hombre;Si;No paga ni le descuentan;Primaria Completa;Cuenta propia;4;28000
54;hombre;Si;No paga ni le descuentan;Primaria Completa;Cuenta propia;1;6000
58;mujer;Si;Obra social (incluye PAMI);Secundaria Completa;Cuenta propia;1;15000
49;hombre;Si;Mutual / Prepaga / Servicio de emergencia;Secundaria Incompleta;Cuenta propia;1;17000
42;hombre;Si;Obra social (incluye PAMI);Superior Universitaria Incompleta;Cuenta propia;4;100000
41;hombre;Si;Obra social y mutual/prepaga/servicio de emergencia.;Superior Universitaria Completa;Cuenta propia;1;50000
43;mujer;Si;Obra social (incluye PAMI);Superior Universitaria Incompleta;Cuenta propia;4;5000
29;mujer;Si;Obra social (incluye PAMI);Secundaria Incompleta;Cuenta propia;1;7000
75;hombre;Si;Obra social (incluye PAMI);Superior Universitaria Completa;Trabajador asalariado;4;50000
70;hombre;Si;Obra social (incluye PAMI);Primaria Completa;Cuenta propia;1;1500
59;hombre;Si;No paga ni le descuentan;Primaria Completa;Cuenta propia;3;6000
38;hombre;Si;No paga ni le descuentan;Secundaria Completa;Cuenta propia;4;15000
33;mujer;Si;No paga ni le descuentan;Primaria Completa;Cuenta propia;4;1000
51;mujer;Si;No paga ni le descuentan;Primaria Completa;Cuenta propia;1;20000
26;mujer;Si;No paga ni le descuentan;Secundaria Completa;Cuenta propia;3;6000
53;mujer;Si;Mutual / Prepaga / Servicio de emergencia;Superior Universitaria Incompleta;Cuenta propia;3;20000
49;hombre;Si;No paga ni le descuentan;Primaria Incompleta(incluye educación especial);Trabajador asalariado;1;2000
69;hombre;Si;Obra social (incluye PAMI);Primaria Incompleta(incluye educación especial);Cuenta propia;5;5000
38;hombre;Si;No paga ni le descuentan;Primaria Completa;Cuenta propia;4;15000
45;hombre;Si;Obra social (incluye PAMI);Secundaria Incompleta;Cuenta propia;5;25000
51;hombre;Si;Obra social (incluye PAMI);Primaria Completa;Cuenta propia;1;10000
32;hombre;Si;Obra social (incluye PAMI);Superior Universitaria Incompleta;Cuenta propia;3;10000
58;hombre;Si;No paga ni le descuentan;Secundaria Incompleta;Cuenta propia;3;12000
38;hombre;Si;Obra social (incluye PAMI);Secundaria Incompleta;Cuenta propia;3;7000
57;mujer;Si;No paga ni le descuentan;Secundaria Incompleta;Cuenta propia;4;4000
48;hombre;Si;No paga ni le descuentan;Superior Universitaria Incompleta;Cuenta propia;4;20000
59;mujer;Si;Obra social y mutual/prepaga/servicio de emergencia.;Superior Universitaria Completa;Cuenta propia;5;1000
37;hombre;Si;Obra social (incluye PAMI);Secundaria Completa;Cuenta propia;1;25000
57;hombre;Si;Mutual / Prepaga / Servicio de emergencia;Superior Universitaria Completa;Director;1;100000
57;mujer;Si;Mutual / Prepaga / Servicio de emergencia;Superior Universitaria Completa;Cuenta propia;1;10000
44;mujer;Si;Obra social (incluye PAMI);Superior Universitaria Completa;Cuenta propia;4;20000
40;hombre;Si;Obra social (incluye PAMI);Secundaria Incompleta;Director;1;18000
29;hombre;Si;No paga ni le descuentan;Secundaria Completa;Cuenta propia;1;15000
75;hombre;Si;Obra social (incluye PAMI);Superior Universitaria Incompleta;Cuenta propia;4;3200
39;hombre;Si;Obra social (incluye PAMI);Secundaria Completa;Cuenta propia;1;33000
20;hombre;Si;Obra social (incluye PAMI);Superior Universitaria Incompleta;Cuenta propia;3;10000
39;hombre;Si;No paga ni le descuentan;Secundaria Incompleta;Cuenta propia;4;10000
53;hombre;Si;Obra social (incluye PAMI);Primaria Completa;Cuenta propia;1;2000
45;mujer;Si;Obra social (incluye PAMI);Superior Universitaria Incompleta;Cuenta propia;2;20000
60;mujer;Si;Obra social (incluye PAMI);Primaria Completa;Cuenta propia;5;7000
27;hombre;Si;No paga ni le descuentan;Superior Universitaria Incompleta;Cuenta propia;3;5000
41;hombre;Si;Obra social (incluye PAMI);Secundaria Incompleta;Cuenta propia;4;16000
41;hombre;Si;Obra social (incluye PAMI);Secundaria Completa;Cuenta propia;1;18000
53;mujer;Si;Obra social (incluye PAMI);Superior Universitaria Incompleta;Cuenta propia;3;10000
56;hombre;Si;Planes y seguros públicos;Primaria Completa;Cuenta propia;1;1500
66;mujer;Si;Obra social y mutual/prepaga/servicio de emergencia.;Superior Universitaria Completa;Cuenta propia;3;15000
20;hombre;Si;Obra social (incluye PAMI);Secundaria Completa;Cuenta propia;3;5000
59;hombre;Si;No paga ni le descuentan;Primaria Completa;Cuenta propia;3;15000
43;mujer;Si;No paga ni le descuentan;Primaria Completa;Cuenta propia;3;2000
33;hombre;Si;Mutual / Prepaga / Servicio de emergencia;Superior Universitaria Incompleta;Director;5;30000
62;hombre;Si;Obra social (incluye PAMI);Superior Universitaria Completa;Cuenta propia;1;30000
66;hombre;Si;Obra social (incluye PAMI);Secundaria Incompleta;Cuenta propia;1;4000
37;mujer;Si;Mutual / Prepaga / Servicio de emergencia;Secundaria Completa;Cuenta propia;4;600
37;mujer;Si;Obra social (incluye PAMI);Secundaria Incompleta;Cuenta propia;1;10000
53;mujer;Si;Obra social y mutual/prepaga/servicio de emergencia.;Secundaria Completa;Cuenta propia;1;25000
39;mujer;Si;No paga ni le descuentan;Superior Universitaria Incompleta;Cuenta propia;1;80000
47;mujer;Si;Obra social (incluye PAMI);Superior Universitaria Completa;Cuenta propia;1;10000
42;mujer;Si;Obra social (incluye PAMI);Superior Universitaria Completa;Cuenta propia;1;7000
45;hombre;Si;No paga ni le descuentan;Secundaria Incompleta;Cuenta propia;1;6000
40;mujer;Si;No paga ni le descuentan;Primaria Completa;Cuenta propia;1;3000
56;hombre;Si;No paga ni le descuentan;Primaria Incompleta(incluye educación especial);Cuenta propia;4;15000
29;hombre;Si;Obra social (incluye PAMI);Secundaria Incompleta;Cuenta propia;3;20000
42;mujer;Si;Obra social (incluye PAMI);Superior Universitaria Completa;Cuenta propia;1;6000
47;hombre;Si;Mutual / Prepaga / Servicio de emergencia;Secundaria Incompleta;Cuenta propia;1;10000
46;hombre;Si;Mutual / Prepaga / Servicio de emergencia;Primaria Completa;Cuenta propia;1;8000
22;hombre;Si;Mutual / Prepaga / Servicio de emergencia;Primaria Incompleta(incluye educación especial);Cuenta propia;3;7000
39;hombre;Si;No paga ni le descuentan;Primaria Completa;Cuenta propia;4;28000
37;mujer;Si;Obra social (incluye PAMI);Superior Universitaria Completa;Cuenta propia;2;18000
41;mujer;Si;Obra social (incluye PAMI);Secundaria Incompleta;Cuenta propia;4;15000
44;mujer;Si;Obra social (incluye PAMI);Superior Universitaria Completa;Director;1;100000
58;hombre;Si;Obra social (incluye PAMI);Secundaria Completa;Cuenta propia;3;14000
38;hombre;Si;Obra social (incluye PAMI);Superior Universitaria Incompleta;Cuenta propia;1;25000
78;hombre;Si;Obra social y mutual/prepaga/servicio de emergencia.;Primaria Completa;Director;1;50000
77;mujer;Si;Obra social (incluye PAMI);Secundaria Completa;Cuenta propia;2;120
41;hombre;Si;Mutual / Prepaga / Servicio de emergencia;Secundaria Incompleta;Cuenta propia;1;25000
49;hombre;Si;No paga ni le descuentan;Primaria Completa;Cuenta propia;1;30000
46;hombre;Si;No paga ni le descuentan;Superior Universitaria Completa;Cuenta propia;2;8000
56;mujer;Si;Mutual / Prepaga / Servicio de emergencia;Superior Universitaria Incompleta;Cuenta propia;3;9000
37;hombre;Si;Obra social (incluye PAMI);Superior Universitaria Incompleta;Cuenta propia;1;40000
38;mujer;Si;Obra social (incluye PAMI);Superior Universitaria Completa;Cuenta propia;1;10000
28;hombre;Si;No paga ni le descuentan;Secundaria Incompleta;Cuenta propia;4;8000
39;hombre;Si;Obra social y mutual/prepaga/servicio de emergencia.;Superior Universitaria Incompleta;Director;1;20000
28;mujer;Si;Obra social (incluye PAMI);Superior Universitaria Completa;Cuenta propia;3;20000
50;mujer;Si;Obra social (incluye PAMI);Superior Universitaria Completa;Director;1;20000
37;mujer;Si;Obra social (incluye PAMI);Superior Universitaria Completa;Cuenta propia;1;30000
32;hombre;Si;Mutual / Prepaga / Servicio de emergencia;Superior Universitaria Completa;Cuenta propia;4;20000
40;hombre;Si;Mutual / Prepaga / Servicio de emergencia;Superior Universitaria Completa;Director;1;50000
58;mujer;Si;Obra social y mutual/prepaga/servicio de emergencia.;Primaria Completa;Cuenta propia;1;40000
45;hombre;Si;No paga ni le descuentan;Primaria Completa;Cuenta propia;3;3000
58;mujer;Si;Obra social (incluye PAMI);Secundaria Completa;Cuenta propia;1;15000
41;hombre;Si;No paga ni le descuentan;Primaria Completa;Cuenta propia;1;6000
57;mujer;No;Mutual / Prepaga / Servicio de emergencia;Primaria Incompleta(incluye educación especial);Cuenta propia;4;200
45;hombre;Si;Obra social (incluye PAMI);Superior Universitaria Incompleta;Cuenta propia;1;15000
45;mujer;Si;Obra social (incluye PAMI);Superior Universitaria Completa;Director;1;15000
48;hombre;Si;No paga ni le descuentan;Secundaria Completa;Cuenta propia;4;4000
31;mujer;Si;Obra social (incluye PAMI);Secundaria Completa;Director;4;30000
57;mujer;Si;Obra social (incluye PAMI);Secundaria Incompleta;Cuenta propia;1;7000
32;mujer;Si;No paga ni le descuentan;Secundaria Completa;Cuenta propia;4;5000
34;mujer;Si;No paga ni le descuentan;Primaria Completa;Cuenta propia;3;500
38;mujer;Si;Obra social (incluye PAMI);Superior Universitaria Completa;Cuenta propia;3;15000
39;hombre;Si;No paga ni le descuentan;Secundaria Incompleta;Cuenta propia;1;15000
65;hombre;Si;Obra social (incluye PAMI);Primaria Completa;Cuenta propia;2;10000
18;hombre;Si;Obra social (incluye PAMI);Secundaria Completa;Cuenta propia;3;4000
61;hombre;Si;Obra social (incluye PAMI);Superior Universitaria Incompleta;Cuenta propia;1;10000
30;mujer;Si;Mutual / Prepaga / Servicio de emergencia;Superior Universitaria Incompleta;Cuenta propia;4;8000
32;mujer;Si;No paga ni le descuentan;Secundaria Incompleta;Cuenta propia;1;1000
31;hombre;Si;Obra social (incluye PAMI);Secundaria Completa;Cuenta propia;3;12000
34;mujer;Si;No paga ni le descuentan;Superior Universitaria Completa;Cuenta propia;2;2000
64;hombre;Si;No paga ni le descuentan;Primaria Completa;Cuenta propia;1;7500
42;mujer;Si;No paga ni le descuentan;Primaria Completa;Cuenta propia;2;8000
45;mujer;Si;Obra social (incluye PAMI);Superior Universitaria Incompleta;Cuenta propia;2;2000
29;mujer;Si;Obra social (incluye PAMI);Superior Universitaria Completa;Director;4;45000
78;hombre;Si;Obra social (incluye PAMI);Secundaria Completa;Cuenta propia;1;3000
42;mujer;Si;Obra social (incluye PAMI);Superior Universitaria Incompleta;Cuenta propia;2;15000
48;mujer;Si;No paga ni le descuentan;Secundaria Incompleta;Cuenta propia;2;300
53;hombre;Si;No paga ni le descuentan;Primaria Completa;Cuenta propia;4;16000
28;hombre;Si;No paga ni le descuentan;Secundaria Incompleta;Director;1;10000
27;mujer;Si;No paga ni le descuentan;Secundaria Completa;Cuenta propia;3;4000
19;hombre;Si;No paga ni le descuentan;Secundaria Completa;Cuenta propia;3;12000
46;hombre;Si;No paga ni le descuentan;Primaria Completa;Cuenta propia;3;8000
60;hombre;Si;Obra social (incluye PAMI);Superior Universitaria Completa;Director;1;28000
55;mujer;Si;Obra social (incluye PAMI);Secundaria Completa;Cuenta propia;3;60000
31;mujer;Si;Obra social (incluye PAMI);Superior Universitaria Completa;Cuenta propia;1;70000
46;mujer;Si;Mutual / Prepaga / Servicio de emergencia;Superior Universitaria Completa;Cuenta propia;2;30000
52;hombre;Si;No paga ni le descuentan;Secundaria Completa;Cuenta propia;1;50000
50;hombre;Si;No paga ni le descuentan;Secundaria Completa;Cuenta propia;1;17000
63;mujer;Si;Obra social (incluye PAMI);Secundaria Completa;Cuenta propia;2;15000
44;hombre;Si;Obra social (incluye PAMI);Secundaria Incompleta;Cuenta propia;1;15000
21;hombre;Si;No paga ni le descuentan;Secundaria Completa;Cuenta propia;3;8000
56;hombre;Si;Obra social (incluye PAMI);Secundaria Completa;Cuenta propia;3;40000
38;hombre;Si;No paga ni le descuentan;Primaria Completa;Cuenta propia;1;15000
38;mujer;Si;Obra social (incluye PAMI);Superior Universitaria Completa;Cuenta propia;2;40000
37;mujer;Si;No paga ni le descuentan;Secundaria Completa;Cuenta propia;4;5000
36;hombre;Si;No paga ni le descuentan;Superior Universitaria Completa;Cuenta propia;1;5000
39;hombre;Si;Obra social (incluye PAMI);Superior Universitaria Completa;Cuenta propia;4;35000
33;mujer;Si;Obra social (incluye PAMI);Superior Universitaria Completa;Cuenta propia;4;30000
40;hombre;Si;No paga ni le descuentan;Primaria Completa;Cuenta propia;3;10000
31;hombre;Si;Mutual / Prepaga / Servicio de emergencia;Secundaria Incompleta;Cuenta propia;1;20000
47;hombre;Si;No paga ni le descuentan;Primaria Completa;Cuenta propia;4;18000
40;hombre;Si;No paga ni le descuentan;Secundaria Incompleta;Cuenta propia;2;11000
38;hombre;Si;Obra social (incluye PAMI);Secundaria Incompleta;Cuenta propia;3;23800
45;hombre;Si;Obra social (incluye PAMI);Superior Universitaria Completa;Cuenta propia;1;20000
35;hombre;Si;No paga ni le descuentan;Primaria Completa;Cuenta propia;4;15000
36;mujer;Si;Obra social (incluye PAMI);Secundaria Completa;Cuenta propia;4;20000
24;hombre;Si;No paga ni le descuentan;Secundaria Completa;Cuenta propia;4;14000
54;mujer;Si;Obra social (incluye PAMI);Superior Universitaria Completa;Cuenta propia;2;36400
40;hombre;Si;No paga ni le descuentan;Primaria Completa;Cuenta propia;4;14000
43;hombre;Si;No paga ni le descuentan;Secundaria Completa;Cuenta propia;3;11000
27;hombre;Si;No paga ni le descuentan;Secundaria Completa;Cuenta propia;1;18000
42;mujer;Si;Obra social (incluye PAMI);Secundaria Completa;Cuenta propia;4;12000
56;hombre;Si;No paga ni le descuentan;Primaria Completa;Cuenta propia;1;18000
29;mujer;Si;No paga ni le descuentan;Secundaria Incompleta;Cuenta propia;4;8000
50;hombre;Si;Obra social (incluye PAMI);Primaria Completa;Cuenta propia;1;21000
33;hombre;Si;No paga ni le descuentan;Secundaria Incompleta;Cuenta propia;3;15000
26;hombre;Si;No paga ni le descuentan;Secundaria Completa;Cuenta propia;4;8900
56;hombre;Si;No paga ni le descuentan;Superior Universitaria Completa;Cuenta propia;1;10000
58;hombre;Si;No paga ni le descuentan;Primaria Completa;Cuenta propia;1;15000
37;hombre;Si;No paga ni le descuentan;Secundaria Incompleta;Cuenta propia;3;15000
